Prerequisites,Course Name,Credits,Concurrent Enrollment
,AEP 0100,4,False
,AEP 0120,4,False
,AEP 0130,4,False
,AEP 0200,4,False
,AEP 0220,4,False
,AEP 0230,4,False
,AEP 0250,1,False
,AEP 0300,4,False
,AEP 0310,3,False
,AEP 0320,3,False
,AEP 0330,4,False
,AEP 0350,1,False
,AEP 0400,4,False
,AEP 0410,3,False
,AEP 0411,3,False
,AEP 0420,3,False
,AEP 0430,4,False
,AEP 0450,1,False
,AEP 0500,4,False
,AEP 0510,3,False
,AEP 0520,3,False
,AEP 0530,4,False
,AEP 0930,4,False
,AEP 1410,3,False
BIZ 1000;BIZ 1001,ACCT 2200,3,False
ACCT 2200;BIZ 1002,ACCT 2220,3,False
,ACCT 2930,3,False
,ACCT 2980,3,False
ACCT 2200;BIZ 1002,ACCT 3060,3,False
ACCT 2200,ACCT 3110,3,False
ACCT 2200,ACCT 3160,3,False
ACCT 2220;BTM 2500,ACCT 3220,3,False
,ACCT 3930,3,False
,ACCT 3980,3,False
ACCT 3110,ACCT 4110,3,False
ACCT 4110,ACCT 4200,3,False
ACCT 3110;BTM 2000,ACCT 4250,3,False
ACCT 3110,ACCT 4300,3,False
ACCT 4110;ACCT 4250,ACCT 4400,3,True
ACCT 3110;BTM 2500;BIZ 3000,ACCT 4910,3,False
,ACCT 4930,3,False
,ACCT 4980,3,False
,AENG 1001,1,False
,AENG 1002,1,False
AENG 1002;MENG 1002;PHYS 1610,AENG 2000,3,True
,AENG 2020,1,False
CORE 1000;CORE 1500,AENG 2910,3,True
,AENG 2930,3,False
,AENG 2980,3,False
AENG 2000;AENG 2020,AENG 3000,3,False
AENG 3150,AENG 3050,3,True
CSCI 1060,AENG 3100,3,False
AENG 2000;AENG 2020,AENG 3150,3,False
MENG 3200;MENG 2310;MATH 3270,AENG 3230,3,True
AENG 3230;MATH 3270,AENG 3240,3,True
MENG 3110,AENG 3410,3,False
AENG 2910,AENG 3910,3,False
CORE 1000;CORE 1500,AENG 3915,3,True
,AENG 3930,3,False
,AENG 3980,3,False
AENG 3000;AENG 4400,AENG 4004,3,True
AENG 4004,AENG 4014,3,False
,AENG 4050,3,False
AENG 3100,AENG 4110,3,True
AENG 3000;AENG 4110,AENG 4111,1,True
,AENG 4140,3,False
AENG 3150,AENG 4150,3,False
AENG 3230,AENG 4210,3,False
,AENG 4230,3,False
AENG 3000;AENG 3410,AENG 4400,3,True
AENG 4400,AENG 4410,3,False
AENG 4110,AENG 4700,3,False
,AENG 4800,3,False
AENG 3910,AENG 4910,0,False
CORE 1000;CORE 1500,AENG 4915,3,True
,AENG 4930,3,False
,AENG 4980,3,False
,AES 1010,2,False
,AES 1020,2,False
,AES 2010,2,False
,AES 2020,2,False
,AES 2220,0,False
,AES 2980,3,False
AES 1010;AES 2010,AES 3010,3,False
,AES 3020,3,False
,AES 3930,3,False
,AES 3980,3,False
,AES 4010,3,False
,AES 4020,3,False
,AES 4930,3,False
,AES 4980,3,False
,AAM 2000,3,False
,AAM 2010,3,False
,AAM 2120,3,False
,AAM 2220,3,False
,AAM 2520,3,False
,AAM 2570,3,False
,AAM 2800,3,False
,AAM 2900,3,False
,AAM 2930,3,False
,AAM 2980,3,False
,AAM 3200,3,False
,AAM 3240,3,False
,AAM 3250,3,False
,AAM 3270,3,False
,AAM 3300X,3,False
,AAM 3350,3,False
,AAM 3360,3,False
,AAM 3510,3,False
,AAM 3610,3,False
,AAM 3730,3,False
CORE 1000;CORE 1500,AAM 3910,6,True
CORE 1000;CORE 1500,AAM 3913,6,True
,AAM 3930,3,False
,AAM 3980,3,False
,AAM 4000,3,False
,AAM 4200,3,False
,AAM 4330,3,False
PSY 1010,AAM 4340,3,False
,AAM 4380,3,False
,AAM 4800,3,False
,AAM 4810,3,False
,AAM 4890,3,False
CORE 1000;CORE 1500,AAM 4910,6,True
,AAM 4930,3,False
,AAM 4960,3,False
,AAM 4970,3,False
,AAM 4980,3,False
,ASTD 1000,3,False
,ASTD 1930,4,False
,ASTD 1980,3,False
,ASTD 2100,3,False
,ASTD 2200,3,False
,ASTD 2300,3,False
,ASTD 2400,3,False
,ASTD 2500,9,False
,ASTD 2600,9,False
,ASTD 2650,3,False
,ASTD 2700,3,False
,ASTD 2800,3,False
,ASTD 2880,3,False
,ASTD 2930,3,False
,ASTD 2980,3,False
,ASTD 3000,3,False
,ASTD 3020,3,False
,ASTD 3030,3,False
,ASTD 3040,3,False
,ASTD 3050,3,False
,ASTD 3100,3,False
,ASTD 3200,3,False
,ASTD 3300,3,False
,ASTD 3400,3,False
,ASTD 3500,3,False
,ASTD 3550,3,False
,ASTD 3600,3,False
,ASTD 3700,3,False
,ASTD 3800,3,False
,ASTD 3900,3,False
,ASTD 3910,3,False
,ASTD 3930,3,False
,ASTD 3980,3,False
,ASTD 4930,12,False
,ASTD 4960,3,False
,ASTD 4980,3,False
,ANAT 1000,3,False
,ANAT 4000,6,False
,ANAT 4300,4,False
,ANAT 4980,4,False
,AN 0302,2,False
,AN 0304,4,False
,AN 0307,2,False
,AN 0403,12,False
,AN 0404,12,False
,AN 0407,12,False
,AN 0408,4,False
,AN 0409,4,False
,AN 0901,12,False
,AN 0903,12,False
,ANTH 1200,3,False
,ANTH 1210,3,False
,ANTH 1930,3,False
,ANTH 2080,3,False
,ANTH 2200,3,False
,ANTH 2210,3,False
ANTH 2210,ANTH 2215,1,True
,ANTH 2240,3,False
,ANTH 2400,3,False
,ANTH 2460,3,False
,ANTH 2470,3,False
,ANTH 2930,3,False
,ANTH 2980,3,False
ANTH 1200,ANTH 3200,3,False
,ANTH 3210,3,False
,ANTH 3240,3,False
,ANTH 3260,3,False
,ANTH 3270,3,False
,ANTH 3280,3,False
,ANTH 3290,3,False
,ANTH 3340,3,False
,ANTH 3390,3,False
CORE 1000;CORE 1500,ANTH 3910,6,True
,ANTH 3930,3,False
,ANTH 3980,3,False
,ANTH 4240,3,False
SOC 1100;SOC 1110;SOC 1120;ANTH 1200,ANTH 4530,3,False
,ANTH 4540,3,False
,ANTH 4710,4,False
,ANTH 4720,2,False
ANTH 4240;ANTH 4530;ANTH 4710;SOC 2000;SOC 4015;SOC 4025,ANTH 4800,3,False
,ANTH 4870,3,False
,ANTH 4930,3,False
,ANTH 4980,3,False
PSY 1010,ABA 3010,3,False
,APCS 0300,3,False
,AR 1010,3,False
AR 1010,AR 1020,3,False
,AR 1930,6,False
,AR 1980,3,False
,AR 2930,3,False
,AR 2980,3,False
,AR 3910,6,False
,AR 3930,3,False
,AR 3980,3,False
,AR 4910,6,False
,AR 4930,3,False
,AR 4980,3,False
,ART 1930,3,False
,ART 1980,3,False
,ART 2000,3,False
,ART 2025,3,False
,ART 2080,1,False
,ART 2090,2,False
,ART 2100,3,False
,ART 2120,3,False
,ART 2150,3,False
,ART 2200,3,False
,ART 2300,3,False
,ART 2400,3,False
,ART 2450,3,False
,ART 2460,3,False
,ART 2480,3,False
,ART 2490,3,False
,ART 2500,3,False
,ART 2600,3,False
,ART 2650,3,False
,ART 2700,3,False
,ART 2790,3,False
,ART 2800,1,False
,ART 2850,3,False
,ART 2930,4,False
,ART 2980,6,False
ART 2000;ART 2100;ART 2120;ART 2150,ART 3000,3,False
,ART 3025,3,False
ART 2200,ART 3200,3,False
ART 2200,ART 3300,3,False
,ART 3400,3,False
ART 2450,ART 3450,3,False
,ART 3480,3,False
ART 2500,ART 3500,3,False
ART 2700,ART 3700,3,False
ART 2800,ART 3800,1,False
,ART 3910,6,False
,ART 3930,3,False
,ART 3980,3,False
,ART 4000,3,False
ART 3200,ART 4200,3,False
,ART 4300,3,False
,ART 4400,3,False
ART 3450,ART 4450,3,False
,ART 4480,3,False
ART 3500,ART 4500,3,False
ART 3700,ART 4700,3,False
ART 3800,ART 4800,1,False
CORE 1500,ART 4850,1,False
,ART 4910,6,False
,ART 4930,4,False
,ART 4980,6,False
,ARTH 1000,3,False
,ARTH 1010,3,False
,ARTH 1020,3,False
,ARTH 1040,3,False
,ARTH 1070,3,False
,ARTH 1080,3,False
,ARTH 1090,3,False
,ARTH 1500,3,False
,ARTH 1700,3,False
,ARTH 1930,3,False
,ARTH 1980,3,False
CORE 1500,ARTH 2000,1,False
,ARTH 2020,3,False
,ARTH 2030,3,False
,ARTH 2050,3,False
,ARTH 2070,3,False
,ARTH 2100,3,False
,ARTH 2120,3,False
,ARTH 2140,3,False
,ARTH 2150,3,False
,ARTH 2180,3,False
,ARTH 2190,3,False
,ARTH 2200,3,False
,ARTH 2220,3,False
,ARTH 2300,3,False
,ARTH 2320,3,False
,ARTH 2350,3,False
,ARTH 2410,3,False
,ARTH 2420,3,False
,ARTH 2450,3,False
,ARTH 2500,3,False
,ARTH 2510,3,False
,ARTH 2520,3,False
,ARTH 2700,3,False
,ARTH 2710,3,False
,ARTH 2750,3,False
,ARTH 2800,3,False
,ARTH 2930,3,False
,ARTH 2980,6,False
,ARTH 3010,3,False
,ARTH 3020,3,False
,ARTH 3140,3,False
,ARTH 3350,3,False
,ARTH 3410,3,False
,ARTH 3450,3,False
,ARTH 3500,3,False
,ARTH 3510,3,False
,ARTH 3520,3,False
,ARTH 3630,3,False
,ARTH 3700,3,False
,ARTH 3710,3,False
,ARTH 3720,3,False
,ARTH 3750,3,False
CORE 1000;CORE 1500,ARTH 3770,3,True
,ARTH 3800,3,False
,ARTH 3880,3,False
,ARTH 3910,6,False
,ARTH 3930,3,False
,ARTH 3980,3,False
,ARTH 4810,3,False
,ARTH 4900,3,False
,ARTH 4910,6,False
,ARTH 4930,3,False
,ARTH 4980,6,False
,AS 1000,18,False
,AS 1200,1,False
,AS 1840,1,False
,AS 1930,4,False
,AS 1980,3,False
,AS 2930,6,False
,AS 2980,3,False
,AS 3500,3,False
,AS 3930,3,False
,AS 3980,3,False
,AS 4910,6,False
,AS 4930,4,False
,AS 4960,3,False
,AS 4980,3,False
,MAT 1000,1,False
,MAT 2000,1,False
,MAT 2930,3,False
,MAT 2980,3,False
CORE 1500,MAT 3000,2,False
,MAT 3230,3,False
,MAT 3930,4,False
,MAT 3980,3,False
,MAT 4930,3,False
,MAT 4970,0,False
,MAT 4980,3,False
,ASCI 1010,2,False
,ASCI 1300,3,False
,ASCI 1510,3,False
,ASCI 1850,3,False
MATH 1200,ASCI 2200,3,False
,ASCI 2250,3,False
,ASCI 2750,3,False
,ASCI 2910,1,False
,ASCI 2930,3,False
,ASCI 2980,3,False
,ASCI 3010,3,False
,ASCI 3020,3,False
,ASCI 3050,3,False
FSCI 2150;FSCI 2250,ASCI 3070,2,False
,ASCI 3100,3,False
,ASCI 3600,3,False
ASCI 2910,ASCI 3910,1,False
,ASCI 3915,3,False
,ASCI 3930,3,False
,ASCI 3980,3,False
FSCI 2650,ASCI 4012,3,False
FSCI 2150;FSCI 2250,ASCI 4013,1,False
ASCI 4012,ASCI 4022,3,False
ASCI 4012,ASCI 4023,1,False
PSY 1010,ASCI 4050,3,False
PHIL 1700;PHIL 1707;PHIL 2050,ASCI 4250,3,False
ASCI 4050,ASCI 4350,3,False
,ASCI 4450,3,False
ECON 1900,ASCI 4650,3,False
,ASCI 4800,3,False
,ASCI 4900,3,False
ASCI 3910,ASCI 4910,1,False
ASCI 3915,ASCI 4915,3,False
,ASCI 4930,3,False
,ASCI 4971,3,False
,ASCI 4980,3,False
,B 0105,6,False
,B 0303,12,False
,B 0413,1,False
,B 0903,12,False
,BIOL 1010,3,False
,BIOL 1020,3,False
,BIOL 1100,4,False
,BIOL 1200,3,False
,BIOL 1240,3,False
,BIOL 1245,1,False
,BIOL 1260,3,False
,BIOL 1265,1,False
,BIOL 1340,3,False
,BIOL 1460,3,False
,BIOL 1500,3,False
,BIOL 1600,3,False
,BIOL 1930,4,False
,BIOL 1931,3,False
,BIOL 1980,3,False
,BIOL 2600,3,False
,BIOL 2800,4,False
,BIOL 2930,3,False
,BIOL 2980,3,False
BIOL 1240;BIOL 1245;BIOL 1260;BIOL 1265,BIOL 3010,3,False
BIOL 1240;BIOL 1260;BIOL 1245;BIOL 1265;CHEM 1110;CHEM 1130;CHEM 1120;CHEM 1140,BIOL 3020,3,False
BIOL 3020;CHEM 4620,BIOL 3030,3,False
BIOL 1240;BIOL 1245;BIOL 1260;BIOL 1265;CHEM 1115;CHEM 1125;CHEM 1110;CHEM 1130;CHEM 1120;CHEM 1140,BIOL 3040,3,True
,BIOL 3050,3,False
BIOL 3040;BIOL 1240;BIOL 1245;BIOL 1260;BIOL 1265;CHEM 1120,BIOL 3060,1,True
BIOL 3030,BIOL 3100,1,True
BIOL 1240;BIOL 1260;BIOL 1265;BIOL 1245,BIOL 3220,4,False
BIOL 1240;BIOL 1260;BIOL 1265;CHEM 1120;BIOL 1245,BIOL 3260,4,False
BIOL 1240;BIOL 1260;BIOL 1265;CHEM 1120;BIOL 1245,BIOL 3280,3,False
BIOL 1240;BIOL 1260;BIOL 1265;CHEM 1120;BIOL 1245,BIOL 3420,5,False
BIOL 1260;BIOL 1265;BIOL 1240;BIOL 1245,BIOL 3450,3,False
BIOL 4540,BIOL 3470,1,True
BIOL 1240;BIOL 1260;BIOL 1265;CHEM 1120;BIOL 1245,BIOL 3490,3,False
,BIOL 3910,6,False
,BIOL 3930,3,False
,BIOL 3980,3,False
BIOL 3010,BIOL 4010,3,False
BIOL 3020;BIOL 3030,BIOL 4030,3,False
BIOL 3020,BIOL 4050,2,True
BIOL 3020;BIOL 3040,BIOL 4070,3,False
BIOL 1240;BIOL 1260;BIOL 1265;CHEM 1120;BIOL 1245,BIOL 4090,3,False
BIOL 1240;BIOL 1260;BIOL 1265;CHEM 1120;BIOL 1245,BIOL 4100,4,False
BIOL 1240;BIOL 1260;BIOL 1265;BIOL 1245,BIOL 4115,1,False
BIOL 1240;BIOL 1260;BIOL 1265;BIOL 1245,BIOL 4120,5,False
BIOL 1240;BIOL 1260;BIOL 1265;BIOL 1245,BIOL 4130,5,False
BIOL 1240;BIOL 1260;BIOL 1265;BIOL 1245,BIOL 4140,5,False
BIOL 3020,BIOL 4160,4,False
,BIOL 4190,3,False
BIOL 1240;BIOL 1260;BIOL 1265;BIOL 1245,BIOL 4200,4,False
,BIOL 4240,4,False
BIOL 3040;BIOL 3020,BIOL 4250,3,False
BIOL 1240;BIOL 1260;BIOL 1265;CHEM 1120;BIOL 1245,BIOL 4260,4,False
BIOL 1240;BIOL 1260;BIOL 1265;CHEM 1120;BIOL 1245,BIOL 4280,4,False
BIOL 1240;BIOL 1260;BIOL 1265;CHEM 1120;BIOL 1245,BIOL 4320,4,False
BIOL 1240;BIOL 1260;BIOL 1265;CHEM 1120;BIOL 1245,BIOL 4330,4,False
BIOL 1260;BIOL 1265;BIOL 1240;BIOL 1245,BIOL 4360,3,False
BIOL 1240;BIOL 1260;BIOL 1265;BIOL 4360;BIOL 3020;BIOL 3040;BIOL 1245,BIOL 4370,1,True
BIOL 3020,BIOL 4410,3,False
BIOL 3040;BIOL 3020,BIOL 4430,3,False
BIOL 1240;BIOL 1260;BIOL 1265;CHEM 1120;BIOL 1245,BIOL 4440,4,False
BIOL 3040,BIOL 4460,3,False
BIOL 1240;BIOL 1260;BIOL 1265;BIOL 1245,BIOL 4480,3,False
BIOL 1240;BIOL 1260;BIOL 1265;CHEM 1120;BIOL 1245,BIOL 4510,3,False
BIOL 3040;BIOL 3020,BIOL 4520,3,False
BIOL 3020,BIOL 4540,3,True
BIOL 3010;BIOL 3030,BIOL 4580,3,False
BIOL 3020;BIOL 3040,BIOL 4600,3,False
BIOL 3040;BIOL 3020,BIOL 4630,3,False
BIOL 3020;BIOL 3040;BIOL 4630,BIOL 4635,1,True
BIOL 3020;BIOL 3040,BIOL 4640,3,False
BIOL 3020;BIOL 3040;BIOL 4640,BIOL 4650,2,True
BIOL 1240;BIOL 1260;BIOL 1265;CHEM 1120;BIOL 1245,BIOL 4670,3,False
BIOL 3020;BIOL 3030,BIOL 4700,3,False
BIOL 3020;BIOL 3040,BIOL 4720,3,False
BIOL 1240;BIOL 1260;BIOL 1265;CHEM 1120;BIOL 1245,BIOL 4750,3,False
BIOL 1240;BIOL 1260;BIOL 1265;BIOL 1245,BIOL 4760,1,False
BIOL 1240;BIOL 1260;BIOL 1265;CHEM 1120;BIOL 1245,BIOL 4790,4,False
BIOL 1240;BIOL 1260;BIOL 1265;CHEM 1120;BIOL 1245,BIOL 4890,1,False
BIOL 4480,BIOL 4910,6,False
BIOL 1240;BIOL 1260;BIOL 1265;CHEM 1120;BIOL 1245,BIOL 4911,3,False
BIOL 1240;BIOL 1260;BIOL 1265;CHEM 1120;BIOL 1245,BIOL 4912,3,False
BIOL 3020;BIOL 3030;BIOL 3040,BIOL 4930,4,False
,BIOL 4960,3,False
,BIOL 4970,3,False
,BIOL 4975,4,False
,BIOL 4980,4,False
MATH 1520,BME 2000,3,False
BIOL 1240;PHYS 1610,BME 2200,3,False
,BME 2910,3,False
,BME 2930,3,False
,BME 2980,3,False
BME 3200;ECE 2001;ECE 2002,BME 3000,3,False
BME 2000;ECE 2001;ECE 2002;MATH 3550,BME 3100,3,False
BME 3100;ECE 3150;BME 2200;BIOL 2600;BME 4930,BME 3150,3,False
PHYS 1610,BME 3200,3,False
BME 2000;CSCI 1060;BME 3200;MATH 3550;PHYS 3410,BME 3300,3,False
BME 3200;CHEM 1120,BME 3400,3,False
BME 3400;BME 3100;BME 3300,BME 3840,1,True
,BME 3850,2,False
,BME 3915,3,False
,BME 3930,4,False
,BME 3980,3,False
BME 3100;ECE 3150;BME 2000;BME 2200;BIOL 2600,BME 4100,3,False
BME 3100,BME 4130,3,False
BME 2000;BME 3100,BME 4150,3,False
BME 2200;BIOL 2600;BME 4930;BME 3200;BME 3400,BME 4200,3,True
BME 3200,BME 4210,3,False
BIOL 2600;BME 2200;BME 3300,BME 4300,3,False
BME 3300;BME 4400,BME 4320,3,False
BME 3400;BIOL 2600;BME 2200;PHYS 3410;STAT 3850;MATH 3850,BME 4400,3,True
BME 3300;BME 4400;STAT 3850;MATH 3850,BME 4410,3,False
BME 4400,BME 4430,3,False
BME 2000;BME 3100;BME 3300,BME 4600,3,False
BME 4600,BME 4650,3,False
BME 3100,BME 4700,3,True
,BME 4915,3,False
BIOL 1240,BME 4930,3,False
BME 3150;BME 3840,BME 4950,3,False
BME 4950,BME 4960,3,False
,BME 4970,2,False
,BME 4980,3,False
,BLS 1000,2,False
,BLS 1100,2,False
,BLS 1150,1,False
,BLS 1850,3,False
BLS 1850,BLS 2850,3,False
BIOL 3020;PPY 2540;HSCI 3300;HSCI 3310;HSCI 3400;HSCI 3410;HSCI 3510,BLS 3110,2,False
BLS 2850,BLS 3850,3,False
,BLS 3930,3,False
BIOL 3020;CHEM 2410,BLS 4110,3,False
BLS 4110,BLS 4120,2,False
BIOL 3020,BLS 4130,2,False
BIOL 3020,BLS 4210,4,False
BIOL 3020,BLS 4220,2,False
BLS 4411,BLS 4310,3,False
BIOL 3020,BLS 4411,2,False
BLS 4411,BLS 4420,2,False
BIOL 1100;BIOL 1240;CHEM 1120,BLS 4510,4,False
MATH 1300;STAT 1300,BLS 4610,3,False
BLS 3850,BLS 4850,3,False
,BST 3000,3,False
MATH 1320;MATH 1400,BST 3100,3,False
BST 3000;BST 3100,BST 3200,3,False
,BST 3910,6,False
,BST 3930,3,False
,BST 3980,3,False
MATH 2530,BST 4100,3,False
BST 4100,BST 4200,3,False
BST 3000;BST 3100,BST 4400,3,False
,BST 4930,3,False
,BST 4980,3,False
,BREW 1000,3,False
BREW 1000,BREW 1500,3,False
BREW 1000,BREW 1750,3,False
BREW 1000,BREW 2000,3,False
BREW 1000,BREW 2500,3,False
,BREW 2600,3,False
BREW 1000,BREW 2750,3,False
,BIZ 1000,1,False
,BIZ 1001,1,False
BIZ 1000;BIZ 1001;BIZ 1100,BIZ 1002,0,True
BIZ 1000;BIZ 1001;BIZ 1002,BIZ 1100,1,True
,BIZ 2300,3,False
,BIZ 3000,1,False
ACCT 2200;ACCT 2220;ECON 1900;ECON 3120;ECON 3140;FIN 3010;IB 2000;MGT 2000;MGT 3000;MKT 3000;BIZ 3000;BTM 2000;OPM 2070;OPM 3050;MGT 4000,BIZ 4000,1,True
BIZ 2300,BIZ 4300,3,False
,BTM 2000,3,False
BTM 2000,BTM 2500,3,False
BTM 2000,BTM 3100,3,False
BTM 2500,BTM 3300,3,False
BTM 2000,BTM 3500,3,False
BTM 2500,BTM 3700,3,False
BTM 2000;ACCT 2200;OPM 3050,BTM 3810,3,True
BTM 3810,BTM 3850,3,False
BTM 2500,BTM 4100,3,False
BTM 3700,BTM 4700,3,False
BTM 3100,BTM 4810,3,False
,BTM 4811,3,False
,BTM 4812,3,False
BTM 3100;BIZ 3000,BTM 4910,3,False
,BTM 4930,3,False
,BTM 4980,3,False
,CSO 1000,3,False
CSO 1000,CSO 1500,3,False
CSO 1000,CSO 1600,3,False
CSO 1000,CSO 1700,3,False
CSO 1000,CSO 2000,3,False
,CSO 2010,3,False
,CSO 2020,3,False
CSO 1000,CSO 2910,1,False
CSO 2000,CSO 2960,1,False
,CAP 0400,2,False
,CAP 0401,2,False
,CAP 0403,2,False
,CAP 0404,2,False
,CAP 0405,2,False
,CAP 0406,12,False
,CARD 0200,5,False
CORE 1500,CATH 2000,3,True
,CATH 2930,3,False
,CATH 2980,3,False
,CATH 3001,3,False
,CATH 3002,3,False
,CATH 3680,3,False
,CATH 3930,3,False
,CATH 4000,3,False
,CATH 4910,6,False
,CATH 4930,3,False
,CATH 4960,3,False
,CATH 4980,3,False
,CHEB 3970,15,False
,CHEM 0930,3,False
,CHEM 1000,3,False
MATH 1200,CHEM 1030,2,True
,CHEM 1050,3,False
,CHEM 1075,1,False
,CHEM 1080,3,False
CHEM 1080,CHEM 1085,1,True
CHEM 1050;CHEM 1030;MATH 1200;MATH 1320;MATH 1400;MATH 1510;MATH 1520,CHEM 1110,3,False
CHEM 1110;CHEM 1130,CHEM 1115,1,True
CHEM 1110;CHEM 1130,CHEM 1120,3,False
CHEM 1115;CHEM 1140;CHEM 1120,CHEM 1125,1,True
CHEM 1050;CHEM 1030;MATH 1400,CHEM 1130,3,False
CHEM 1110;CHEM 1130,CHEM 1140,3,False
CHEM 1080,CHEM 1480,3,False
CHEM 1080;CHEM 1085;CHEM 1480,CHEM 1485,1,True
,CHEM 1930,4,False
,CHEM 1980,3,False
CHEM 1120;CHEM 1140,CHEM 2200,2,False
CHEM 1120;CHEM 1140;CHEM 1125,CHEM 2205,2,False
CHEM 1120;CHEM 1140;CHEM 1125,CHEM 2410,3,False
CHEM 1120;CHEM 1140;CHEM 1125;CHEM 2410;CHEM 2430,CHEM 2415,1,True
CHEM 2410,CHEM 2420,3,False
CHEM 2415;CHEM 2435;CHEM 2420;CHEM 2440,CHEM 2425,1,True
CHEM 1120;CHEM 1140,CHEM 2430,3,False
CHEM 1120;CHEM 1140;CHEM 1125,CHEM 2435,1,False
CHEM 2430,CHEM 2440,3,False
CHEM 2435;CHEM 2440;CHEM 2430,CHEM 2445,1,True
,CHEM 2930,3,False
,CHEM 2980,3,False
CHEM 2440;CHEM 2420;CHEM 2200,CHEM 3100,1,False
CHEM 2200;MATH 1520,CHEM 3330,3,False
CHEM 2200;MATH 1520,CHEM 3340,3,False
CHEM 3330,CHEM 3345,6,False
CHEM 2410;CHEM 2430,CHEM 3600,3,False
,CHEM 3910,6,False
,CHEM 3930,3,False
,CHEM 3970,3,False
,CHEM 3980,3,False
CHEM 2200;CHEM 2205;CHEM 2420;CHEM 2440;PHYS 1330;PHYS 1630,CHEM 4200,3,False
CHEM 2200;CHEM 2205;CHEM 2440;CHEM 2420;CHEM 2445,CHEM 4205,1,False
MATH 1520,CHEM 4300,3,False
CHEM 2440;CHEM 2420;CHEM 2445;CHEM 2425,CHEM 4400,3,False
CHEM 2410;CHEM 2420;CHEM 2430;CHEM 2440,CHEM 4470,3,False
CHEM 2420;CHEM 2440,CHEM 4500,3,False
CHEM 4500,CHEM 4505,1,False
CHEM 2420;CHEM 2440;CHEM 2200,CHEM 4610,3,False
CHEM 2205;CHEM 2425;CHEM 2445;CHEM 4610,CHEM 4615,1,True
CHEM 4610,CHEM 4620,3,False
CHEM 4615,CHEM 4625,1,False
CHEM 2420;CHEM 2200;CHEM 3330,CHEM 4800,3,False
,CHEM 4910,6,False
,CHEM 4930,4,False
,CHEM 4980,3,False
,CHIN 1010,3,False
CHIN 1010,CHIN 1020,3,False
,CHIN 1930,4,False
,CHIN 1980,3,False
CHIN 1020,CHIN 2010,3,False
CHIN 2010,CHIN 2020,3,False
,CHIN 2930,3,False
,CHIN 2980,3,False
,CHIN 3000,3,False
CHIN 2020,CHIN 3010,3,False
CHIN 3010,CHIN 3020,3,False
,CHIN 3100,3,False
,CHIN 3150,3,False
,CHIN 3910,6,False
,CHIN 3930,3,False
,CHIN 3980,3,False
,CHIN 4910,6,False
,CHIN 4930,3,False
,CHIN 4980,3,False
,CVNG 1000,2,False
,CVNG 1001,2,False
,CVNG 1010,1,False
CVNG 1010,CVNG 1020,1,False
CVNG 1020;MATH 1510,CVNG 1500,3,True
,CVNG 2010,3,False
,CVNG 2017,3,False
CVNG 2010;GIS 4010,CVNG 2020,1,True
CVNG 1001,CVNG 2070,3,False
PHYS 1610,CVNG 2100,3,False
CVNG 1000;MATH 1510,CVNG 2500,3,False
,CVNG 2910,0,False
,CVNG 2930,3,False
,CVNG 2980,3,False
,CVNG 3010,3,False
,CVNG 3020,1,False
,CVNG 3030,1,False
,CVNG 3031,2,False
CHEM 1110,CVNG 3040,3,False
CHEM 1115,CVNG 3041,1,False
,CVNG 3070,2,False
CVNG 3030,CVNG 3090,3,False
,CVNG 3100,1,False
MATH 3850,CVNG 3110,3,False
,CVNG 3120,1,False
,CVNG 3130,3,False
,CVNG 3140,1,False
CVNG 3010;CVNG 3030,CVNG 3150,3,False
,CVNG 3160,1,False
,CVNG 3910,0,False
,CVNG 3915,3,False
,CVNG 3930,3,False
,CVNG 3980,3,False
,CVNG 4010,1,False
CVNG 3090,CVNG 4030,3,False
CVNG 3010,CVNG 4050,3,False
CVNG 3010,CVNG 4070,3,False
CVNG 3150,CVNG 4090,3,False
CVNG 3150,CVNG 4110,3,False
CVNG 3150,CVNG 4130,3,False
CVNG 3150,CVNG 4150,3,False
CVNG 3150,CVNG 4170,3,False
,CVNG 4190,3,False
CVNG 3130,CVNG 4210,3,False
,CVNG 4250,3,False
,CVNG 4260,3,False
CVNG 3130,CVNG 4330,3,False
CVNG 3130,CVNG 4350,3,False
CVNG 3130,CVNG 4370,3,False
CVNG 3110,CVNG 4450,3,False
CVNG 3110,CVNG 4460,3,False
CVNG 3110,CVNG 4470,3,False
CVNG 3110,CVNG 4480,3,False
CVNG 3040;CVNG 3090;CVNG 3110;CVNG 3130;CVNG 3150,CVNG 4500,3,False
,CVNG 4510,3,False
,CVNG 4910,0,False
,CVNG 4915,3,False
,CVNG 4930,3,False
,CVNG 4980,3,False
,CLH 1200,3,False
,CLH 1210,3,False
,CLH 1930,3,False
,CLH 1980,3,False
,CLH 2900,3,False
,CLH 2930,3,False
,CLH 2980,3,False
,CLH 3300,3,False
,CLH 3910,6,False
,CLH 3930,4,False
,CLH 3980,3,False
,CLH 4290,3,False
,CLH 4310,3,False
,CLH 4630,3,False
,CLH 4640,3,False
,CLH 4910,6,False
,CLH 4930,3,False
,CLH 4960,3,False
,CLH 4980,3,False
,CMM 1000,3,False
,CMM 1200,3,False
,CMM 1210,3,False
,CMM 1220,3,False
,CMM 1250,3,False
,CMM 1300,3,False
ENGL 1900,CMM 1400,3,False
,CMM 1500,3,False
,CMM 1930,3,False
,CMM 1980,3,False
CMM 1000,CMM 2000,3,False
ENGL 1900;EAP 1900,CMM 2100,3,False
ENGL 1900;EAP 1900,CMM 2120,3,False
,CMM 2200,1,False
,CMM 2300,3,False
,CMM 2400,3,False
,CMM 2500,1,False
,CMM 2510,3,False
,CMM 2550,3,False
CMM 1000,CMM 2800,3,False
,CMM 2930,3,False
,CMM 2980,3,False
,CMM 3000,3,False
,CMM 3060,3,False
,CMM 3090,3,False
CMM 2100,CMM 3110,3,False
CMM 2100;CMM 2120,CMM 3120,3,False
CMM 2100,CMM 3130,3,False
,CMM 3200,3,False
,CMM 3300,3,False
CMM 2100,CMM 3420,3,False
,CMM 3440,3,False
CMM 2800,CMM 3460,3,False
,CMM 3500,3,False
,CMM 3510,3,False
,CMM 3530,3,False
,CMM 3560,3,False
,CMM 3600,3,False
CMM 2100;CMM 3600;CMM 3700;CMM 3500,CMM 3610,3,False
,CMM 3700,3,False
CMM 2100;CMM 3700;CMM 3600;CMM 3500,CMM 3710,3,False
,CMM 3840,3,False
,CMM 3910,6,False
CMM 2000;CMM 2800,CMM 3930,3,False
,CMM 3980,3,False
,CMM 4000,3,False
CMM 1000,CMM 4050,3,False
,CMM 4070,3,False
CMM 2100,CMM 4100,3,False
CMM 2100,CMM 4160,3,False
CMM 1000,CMM 4200,3,False
CMM 1000,CMM 4220,3,False
,CMM 4300,3,False
,CMM 4310,6,False
CMM 1000,CMM 4320,3,False
,CMM 4350,3,False
,CMM 4420,3,False
,CMM 4430,3,False
,CMM 4460,3,False
,CMM 4470,3,False
,CMM 4500,3,False
,CMM 4590,3,False
CMM 2800;CMM 3600;CMM 3700;MKT 3000;CMM 3500;CMM 4700,CMM 4600,3,False
CMM 3500,CMM 4610,3,False
CMM 2800;CMM 3600;CMM 3700;MKT 3400;CMM 3500,CMM 4700,3,False
CMM 4700,CMM 4720,6,False
CMM 2800,CMM 4800,3,False
,CMM 4810,3,False
CORE 1000;CORE 1500,CMM 4820,3,True
CORE 1000;CORE 1500,CMM 4830,3,True
CMM 2100;CMM 2120;CMM 1000;CMM 1200,CMM 4910,6,False
,CMM 4930,3,False
,CMM 4931,3,False
,CMM 4932,3,False
,CMM 4933,3,False
CMM 2800,CMM 4960,3,False
,CMM 4980,6,False
ENGL 4005,CMMK 4270,3,False
,CIS 1150,3,False
,CIS 1375,3,False
CIS 1375,CIS 1600,3,False
,CIS 2300,3,False
,CIS 2750,3,False
,CIS 2775,3,False
,CIS 2875,3,False
,CIS 2930,3,False
,CIS 2980,3,False
CIS 1600;CIS 2750,CIS 3000,3,False
CIS 1600;CIS 2750,CIS 3100,3,False
,CIS 3150,3,False
CIS 1600;CIS 2750,CIS 3250,3,False
CIS 1600;MATH 1200,CIS 3300,3,False
CIS 1600;MATH 1200,CIS 3600,3,False
CIS 1375;CIS 1600,CIS 3700,3,False
CIS 1600;CIS 2875,CIS 3850,3,False
CIS 3300,CIS 3900,3,False
,CIS 3930,3,False
,CIS 3980,3,False
,CIS 4050,3,False
CIS 3000,CIS 4100,3,False
CIS 3300;CIS 3600,CIS 4150,3,False
CIS 1600;CIS 2875,CIS 4250,3,False
CIS 3150;CIS 3300,CIS 4300,3,False
CIS 3300,CIS 4400,3,False
CIS 3700,CIS 4550,3,False
CIS 3250,CIS 4600,3,False
CIS 3100,CIS 4610,3,False
CIS 3300,CIS 4700,3,False
CIS 3100,CIS 4720,3,False
CIS 3300,CIS 4750,3,False
,CIS 4800,3,False
,CIS 4930,3,False
,CIS 4980,3,False
,CSCI 1010,3,False
,CSCI 1020,3,False
,CSCI 1025,3,False
,CSCI 1030,3,False
,CSCI 1040,3,False
,CSCI 1050,3,False
MATH 1510;MATH 1320;MATH 1520;MATH 2530,CSCI 1060,3,True
,CSCI 1070,3,False
,CSCI 1080,3,False
,CSCI 1090,3,False
CSCI 1010;BME 2000;CVNG 1500;MATH 3850;STAT 3850;ECE 1001;GIS 4090;MATH 1200;MATH 1320,CSCI 1300,4,False
,CSCI 1930,4,False
,CSCI 1980,3,False
PHIL 2050,CSCI 2050,3,False
CSCI 1300;MATH 1660,CSCI 2100,4,True
CSCI 2100,CSCI 2190,1,False
CSCI 2100,CSCI 2300,3,False
CSCI 2100,CSCI 2500,3,True
CSCI 2500;ECE 2205;ECE 3217;ECE 3225,CSCI 2510,3,False
,CSCI 2930,4,False
,CSCI 2980,3,False
PHIL 2050,CSCI 3050,3,False
CSCI 2100;MATH 1660;MATH 1510;MATH 1520;MATH 2530,CSCI 3100,3,False
CSCI 2300,CSCI 3200,3,False
ECE 3217;CSCI 2100,CSCI 3250,3,False
CSCI 2300,CSCI 3300,3,False
CSCI 2100;ECE 3217,CSCI 3500,3,False
CSCI 2100,CSCI 3710,3,False
,CSCI 3910,6,False
,CSCI 3930,4,False
,CSCI 3980,3,False
CSCI 3100,CSCI 4120,3,False
CSCI 3300,CSCI 4310,3,False
CSCI 2300,CSCI 4360,3,False
CSCI 2510,CSCI 4500,3,False
CSCI 2510;CSCI 3500,CSCI 4530,3,False
CSCI 2510;CSCI 3500,CSCI 4550,3,False
CSCI 2510;CSCI 3500,CSCI 4610,3,False
CSCI 2510,CSCI 4620,3,False
CSCI 2100,CSCI 4710,3,False
CSCI 2100,CSCI 4740,3,False
STAT 3850;CSCI 2100;MATH 2530,CSCI 4750,3,False
CSCI 4750,CSCI 4760,3,False
CSCI 2100;MATH 2530;MATH 3110;MATH 3120,CSCI 4820,3,False
CSCI 2100,CSCI 4830,3,False
CSCI 4750,CSCI 4845,3,False
,CSCI 4910,6,False
,CSCI 4930,4,False
CSCI 2510,CSCI 4961,2,False
CSCI 4961,CSCI 4962,2,False
,CSCI 4980,6,False
,CORE 1000,3,False
,CORE 1005,3,False
,CORE 1200,3,False
,CORE 1205,3,False
,CORE 1230,3,False
,CORE 1500,1,False
,CORE 1505,1,False
CORE 1500,CORE 1600,3,True
CORE 1500,CORE 1605,3,True
CORE 1500,CORE 1700,3,True
CORE 1500,CORE 1705,3,True
ENGL 1500;EAP 1500,CORE 1900,3,False
,CORE 1905,3,False
,CORE 1930,6,False
CORE 1500,CORE 2500,0,True
CORE 1500;CORE 1000,CORE 2510,1,True
,CORE 2800,3,False
,CORE 2930,6,False
,CORE 3200,3,False
,CORE 3400,3,False
,CORE 3405,3,False
,CORE 3415,3,False
CORE 1500,CORE 3500,1,False
,CORE 3600,3,False
,CORE 3605,3,False
,CORE 3800,3,False
,CORE 3930,6,False
CORE 1000;CORE 1500,CORE 4000,3,True
CORE 1000;CORE 1500,CORE 4005,3,True
,CORE 4500,0,False
,CORE 4930,6,False
,CCJ 1010,3,False
,CCJ 1930,3,False
,CCJ 2050,3,False
,CCJ 2100,3,False
,CCJ 2150,3,False
,CCJ 2200,3,False
,CCJ 2250,3,False
,CCJ 2930,3,False
,CCJ 2939,3,False
,CCJ 2980,3,False
,CCJ 3100,3,False
,CCJ 3150,3,False
,CCJ 3200,3,False
,CCJ 3300,3,False
CORE 1000;CORE 1500,CCJ 3350,3,True
,CCJ 3400,3,False
,CCJ 3401,3,False
,CCJ 3450,3,False
,CCJ 3500,3,False
,CCJ 3600,3,False
,CCJ 3700,3,False
,CCJ 3750,3,False
,CCJ 3800,3,False
,CCJ 3930,3,False
,CCJ 3980,3,False
,CCJ 4050,3,False
,CCJ 4150,3,False
,CCJ 4600,3,False
,CCJ 4910,6,False
,CCJ 4915,3,False
,CCJ 4930,3,False
,CCJ 4960,3,False
,CCJ 4980,6,False
,EDI 1930,3,False
,EDI 2000,3,False
,EDI 2930,3,False
,EDI 2940,0,False
,EDI 2980,3,False
EDI 2000,EDI 3000,3,False
,EDI 3001,3,False
,EDI 3005,3,False
,EDI 3010,3,False
,EDI 3015,3,False
,EDI 3020,2,False
,EDI 3030,3,False
,EDI 3050,1,False
,EDI 3060,2,False
EDI 4100,EDI 3070,3,True
,EDI 3100,3,False
,EDI 3120,3,False
,EDI 3140,3,False
,EDI 3200,3,False
EDI 3305,EDI 3300,3,True
EDI 3300,EDI 3305,3,True
,EDI 3310,3,False
EDI 3310,EDI 3315,3,True
EDI 3325,EDI 3320,3,True
EDI 3320,EDI 3325,3,True
EDI 3345,EDI 3340,3,True
EDI 3340,EDI 3345,3,True
EDI 3355,EDI 3350,3,True
EDI 3350,EDI 3355,3,True
,EDI 3461,3,False
EDI 3505,EDI 3500,3,True
EDI 3500,EDI 3505,3,True
,EDI 3510,3,True
EDI 3525,EDI 3520,3,True
EDI 3525,EDI 3525,3,True
EDI 3545,EDI 3540,3,True
EDI 3540,EDI 3545,3,True
,EDI 3550,3,False
,EDI 3893,3,False
,EDI 3930,3,False
EDI 2940,EDI 3940,0,False
,EDI 3980,3,False
EDI 2000;EDI 4100;EDI 3000,EDI 4000,3,False
EDI 3000;EDI 3070,EDI 4100,3,True
EDI 3200;EDI 3300;EDI 3320;EDI 3310;EDI 3340;EDF 2240;EDSP 4480,EDI 4200,3,True
,EDI 4210,3,False
,EDI 4220,3,False
,EDI 4250,3,False
,EDI 4290,3,False
,EDI 4350,3,False
,EDI 4360,3,False
CORE 1500,EDI 4361,3,True
,EDI 4420,3,False
,EDI 4440,4,False
EDI 3550,EDI 4480,3,False
,EDI 4490,3,False
,EDI 4540,5,False
,EDI 4550,4,False
,EDI 4560,4,False
,EDI 4570,4,False
,EDI 4720,3,False
,EDI 4810,10,False
,EDI 4820,10,False
,EDI 4830,10,False
,EDI 4840,10,False
,EDI 4860,3,False
,EDI 4870,3,False
,EDI 4880,3,False
,EDI 4930,3,False
,EDI 4940,1,False
,EDI 4980,3,False
,DANC 1980,3,False
,DANC 2000,6,False
,DANC 2010,2,False
,DANC 2020,4,False
,DANC 2100,4,False
,DANC 2200,4,False
,DANC 2300,4,False
,DANC 2310,3,False
,DANC 2650,3,False
,DANC 2660,3,False
,DANC 2670,3,False
,DANC 2680,2,False
,DANC 2850,2,False
,DANC 2930,3,False
,DANC 2980,3,False
,DANC 3000,4,False
DANC 2100,DANC 3100,4,False
DANC 2200,DANC 3200,4,False
DANC 2300,DANC 3300,4,False
,DANC 3680,2,False
,DANC 3910,6,False
,DANC 3930,3,False
,DANC 3980,3,False
,DANC 4910,6,False
,DANC 4930,3,False
,DANC 4980,3,False
,DATA 1800,1,False
DATA 1800,DATA 2800,1,False
DATA 1800;STAT 3850;CSCI 2100,DATA 4961,2,False
DATA 4961,DATA 4962,2,False
,D 0102,6,False
,D 0103,6,False
,D 0111,6,False
,D 0302,2,False
,D 0304,4,False
,D 0401,12,False
,D 0402,12,False
,D 0406,2,False
,D 0407,3,False
,D 0901,12,False
,D 0903,12,False
,EAS 1030,3,False
,EAS 1070,3,False
,EAS 1080,3,False
,EAS 1081,1,False
,EAS 1090,3,False
,EAS 1170,3,False
,EAS 1310,3,False
,EAS 1340,3,False
,EAS 1350,3,False
,EAS 1420,3,False
,EAS 1425,1,False
,EAS 1430,3,False
,EAS 1435,1,False
,EAS 1450,3,False
,EAS 1455,1,False
,EAS 1600,3,False
,EAS 1700,1,False
,EAS 1800,3,False
,EAS 1930,3,False
,EAS 1980,3,False
EAS 1430;CHEM 1110,EAS 2200,3,True
,EAS 2205,1,False
EAS 1430;EAS 1435,EAS 2400,3,False
,EAS 2420,1,False
EAS 1420;PHYS 1610,EAS 2440,3,True
EAS 1420;EAS 1430;EAS 1450,EAS 2450,3,False
BIOL 1240;BIOL 1245;CHEM 1110;CHEM 1115;EAS 1420;EAS 1430;EAS 1450,EAS 2480,3,False
BIOL 1240;BIOL 1245;CHEM 1110;CHEM 1115;EAS 1420;EAS 1430;EAS 1450,EAS 2485,1,False
EAS 1420;MATH 1510;PHYS 1310;PHYS 1610,EAS 2530,3,False
,EAS 2700,3,False
EAS 1420,EAS 2800,3,False
,EAS 2820,3,False
,EAS 2930,3,False
,EAS 2980,3,False
EAS 2485;EAS 2480,EAS 3100,3,False
EAS 2440,EAS 3150,3,False
EAS 2440;PHYS 1610;MATH 1520,EAS 3330,3,True
EAS 3330;PHYS 1630;MATH 2530,EAS 3340,3,True
EAS 3330,EAS 3500,3,False
EAS 3330,EAS 3700,3,False
EAS 2440,EAS 3780,3,False
,EAS 3910,6,False
,EAS 3930,3,False
,EAS 3980,3,False
EAS 2530,EAS 4030,3,False
,EAS 4050,3,False
,EAS 4060,1,False
EAS 1430,EAS 4100,3,False
EAS 2400,EAS 4105,1,True
CHEM 1110;EAS 1430,EAS 4140,3,False
,EAS 4160,3,False
EAS 3330;PHYS 1630;MATH 2530,EAS 4200,3,True
,EAS 4210,3,False
EAS 4200,EAS 4220,3,False
EAS 1430;EAS 1450;CHEM 1110;CHEM 1120,EAS 4280,3,False
EAS 2200;EAS 2400;PHYS 1310;PHYS 1610,EAS 4300,3,False
,EAS 4305,1,False
EAS 4300,EAS 4310,1,True
EAS 1430;EAS 4300;PHYS 1310;PHYS 1610;MATH 1510,EAS 4370,3,False
EAS 1420;EAS 1430;EAS 1450;MATH 1510,EAS 4410,3,False
,EAS 4415,1,False
EAS 3330;PHYS 1630;MATH 2530,EAS 4440,3,True
EAS 4440;MATH 3550,EAS 4450,3,True
EAS 3330;EAS 4440,EAS 4470,3,False
EAS 4410;EAS 4415,EAS 4570,3,False
EAS 4410;EAS 4415,EAS 4580,3,False
MATH 3550;PHYS 1610,EAS 4620,3,False
EAS 4220;EAS 4440,EAS 4650,3,True
MATH 3550;PHYS 1610,EAS 4720,3,False
,EAS 4880,3,False
,EAS 4910,6,False
,EAS 4930,4,False
,EAS 4980,6,False
MATH 1200;MATH 1320;MATH 1400;MATH 1510;MATH 1520;MATH 2530,ECON 1900,3,False
MATH 1200,ECON 1910,3,False
,ECON 1930,3,False
ECON 1900;OPM 2070,ECON 3010,3,False
ECON 1900;MATH 1320;MATH 1510;MATH 1520;MATH 2530,ECON 3120,3,False
ECON 1900;MATH 1320;MATH 1510;MATH 1520;MATH 2530,ECON 3140,3,False
ECON 1900,ECON 3790,3,False
ECON 1900,ECON 3850,3,False
,ECON 3930,3,False
,ECON 3980,3,False
ECON 3140;MATH 1320;MATH 1510;MATH 1520;MATH 2530,ECON 4080,3,False
ECON 3120;ECON 3140;MATH 1320;MATH 1510;MATH 1520;MATH 2530,ECON 4120,3,False
ECON 3120;ECON 3140;MATH 1320;MATH 1510;MATH 1520;MATH 2530,ECON 4160,3,False
ECON 3120;MATH 1320;MATH 1510;MATH 1520;MATH 2530,ECON 4200,3,False
ECON 3120;ECON 3140;MATH 1320;MATH 1510;MATH 1520;MATH 2530,ECON 4300,3,False
ECON 3120;MATH 1320;MATH 1510;MATH 1520;MATH 2530,ECON 4310,3,False
ECON 3140;MATH 1320;MATH 1510;MATH 1520;MATH 2530,ECON 4450,3,False
ECON 3140;OPM 2070;MATH 1320;MATH 1510;MATH 1520;MATH 2530,ECON 4500,3,False
ECON 3140;MATH 1320;MATH 1510;MATH 1520;MATH 2530,ECON 4560,3,False
ECON 3140;MATH 1320;MATH 1510;MATH 1520;MATH 2530,ECON 4600,3,False
ECON 3140;MATH 1320;MATH 1510;MATH 1520;MATH 2530,ECON 4650,3,False
ECON 3140;MATH 1320;MATH 1510;MATH 1520;MATH 2530,ECON 4700,3,False
ECON 3010;ECON 3120;ECON 3140;MATH 1320;MATH 1510;MATH 1520;MATH 2530,ECON 4770,3,False
ECON 1900;ECON 3120;ECON 3140,ECON 4910,3,True
,ECON 4930,3,False
ECON 3120;ECON 3140,ECON 4980,3,False
EDUC 1015;EDUC 1025,EDUC 1010,1,True
EDUC 1010;EDUC 1020;EDUC 1030;EDUC 1040;EDUC 1050;EDUC 1100,EDUC 1015,5,True
EDUC 1015;EDUC 1025,EDUC 1020,1,True
,EDUC 1025,8,False
EDUC 1015;EDUC 1025,EDUC 1030,1,True
EDUC 1015;EDUC 1025,EDUC 1040,1,True
EDUC 1015;EDUC 1025,EDUC 1050,1,True
EDUC 1015;EDUC 1025,EDUC 1100,2,True
,EDUC 1200,3,False
,EDUC 1300,3,False
EDUC 1025;EDUC 2100;EDUC 2150;EDUC 2200;EDUC 2310;EDUC 2320;EDUC 2330;EDUC 2400;EDUC 2410,EDUC 2015,4,True
EDUC 1030;EDUC 1040;EDUC 1050,EDUC 2100,3,False
EDUC 1010;EDUC 1020,EDUC 2150,1,False
EDUC 1030;EDUC 1040;EDUC 1050,EDUC 2200,3,False
EDUC 1050;EDUC 1200,EDUC 2310,3,False
EDUC 2310,EDUC 2320,3,True
EDUC 2310;EDUC 2200,EDUC 2330,3,True
EDUC 1010;EDUC 1020,EDUC 2400,3,False
EDUC 1300,EDUC 2410,3,False
EDUC 3015;EDUC 3025,EDUC 3000,3,True
EDUC 3000;EDUC 3150;EDUC 3310;EDUC 3320;EDUC 3330;EDUC 3335;EDUC 3340;EDUC 3350;EDUC 3440;EDUC 3470;EDUC 3480;EDUC 3490;EDUC 3500;EDUC 3550;EDUC 3600;EDUC 3700;EDUC 3800,EDUC 3015,4,True
EDUC 3000;EDUC 3150;EDUC 3310;EDUC 3320;EDUC 3330;EDUC 3335;EDUC 3340;EDUC 3350;EDUC 3440;EDUC 3470;EDUC 3480;EDUC 3490;EDUC 3500;EDUC 3550;EDUC 3600;EDUC 3700;EDUC 3800,EDUC 3025,4,True
EDUC 2150;EDUC 3015;EDUC 3025,EDUC 3150,1,True
EDUC 2310;EDUC 2320;EDUC 3015;EDUC 3025,EDUC 3310,4,True
EDUC 2310;EDUC 2320;EDUC 3015;EDUC 3025,EDUC 3320,4,True
EDUC 2100;EDUC 3015;EDUC 3025,EDUC 3330,3,True
EDUC 2200;EDUC 3015;EDUC 3025,EDUC 3335,3,True
EDUC 2310;EDUC 3015;EDUC 3025,EDUC 3340,3,True
EDUC 2310;EDUC 3015;EDUC 3025,EDUC 3350,3,True
EDUC 3015;EDUC 3025,EDUC 3440,3,False
EDUC 1300;EDUC 3440;EDUC 3015;EDUC 3025,EDUC 3470,2,True
EDUC 3015;EDUC 3025,EDUC 3480,3,True
EDUC 3330;EDUC 3500;EDUC 3015;EDUC 3025;EDUC 3440,EDUC 3490,3,True
EDUC 2100;EDUC 3015;EDUC 3025,EDUC 3500,3,True
EDUC 2200;EDUC 3015;EDUC 3025,EDUC 3550,3,True
EDUC 2100;EDUC 2200;EDUC 3015;EDUC 3025,EDUC 3560,2,True
EDUC 2330;EDUC 3335;EDUC 3550;EDUC 3015;EDUC 3025,EDUC 3600,3,True
EDUC 3330;EDUC 3500;EDUC 3015;EDUC 3025,EDUC 3700,3,True
EDUC 3015;EDUC 3025,EDUC 3800,2,True
EDUC 3015;EDUC 3025,EDUC 4000,3,False
EDUC 3015;EDUC 3025;EDUC 4000;EDUC 4200;EDUC 4310;EDUC 4150;EDUC 4400,EDUC 4015,4,True
EDUC 3015;EDUC 3025,EDUC 4025,4,False
EDUC 3015;EDUC 3025;EDUC 3150,EDUC 4150,1,False
EDUC 3015;EDUC 3025,EDUC 4200,5,False
,EDUC 4300,3,False
EDUC 3340;EDUC 3015;EDUC 3025,EDUC 4310,3,False
EDUC 3015;EDUC 3025;EDUC 3600,EDUC 4400,3,False
EDUC 4200,EDUC 4500,8,False
,EDF 2010,3,False
,EDF 2020,3,False
,EDF 2030,3,False
,EDF 2040,3,False
,EDF 2240,3,False
,EDF 2930,3,False
,EDF 2980,3,False
,EDF 3620,3,False
,EDF 3710,3,False
,EDF 3840,3,False
,EDF 3890,3,False
,EDF 3930,3,False
,EDF 3980,3,False
,EDF 4835,3,False
,EDF 4930,3,False
,EDF 4980,3,False
CORE 1500,EDL 3892,3,True
,EDL 3910,1,False
,EDL 3915,1,False
,EDL 3930,3,False
,EDL 3980,3,False
,EDR 3891,3,False
,EDR 3930,3,False
,EDR 3980,3,False
,EDR 4930,3,False
,EDR 4970,1,False
,EDR 4980,3,False
,ECE 1001,1,False
,ECE 1002,1,False
,ECE 1100,2,False
,ECE 1200,2,False
MATH 1520;PHYS 1630,ECE 2001,3,False
ECE 2001,ECE 2002,1,True
PHYS 1610;MATH 1520,ECE 2101,3,False
ECE 2101,ECE 2102,3,False
ECE 2101,ECE 2103,1,True
,ECE 2205,3,False
,ECE 2206,1,False
,ECE 2910,3,False
,ECE 2915,3,False
,ECE 2930,3,False
,ECE 2980,3,False
MATH 2530;BME 2000;CSCI 1060;CSCI 1300,ECE 3052,3,False
ECE 3150,ECE 3090,1,False
ECE 2102;MATH 3550,ECE 3110,3,False
ECE 2102;MATH 3550,ECE 3130,3,False
ECE 3130,ECE 3131,3,False
ECE 3131,ECE 3132,1,True
ECE 2102;MATH 3550,ECE 3140,3,False
ECE 2001;ECE 2102;MATH 3550,ECE 3150,3,False
CSCI 1060;CSCI 1300;BME 2000;ECE 3150,ECE 3151,1,True
ECE 2205,ECE 3205,3,False
ECE 3205;ECE 3225,ECE 3215,3,False
,ECE 3216,1,False
CSCI 1300;MATH 1660,ECE 3217,3,False
CSCI 1060;BME 2000;CSCI 1300,ECE 3225,3,False
ECE 3225,ECE 3226,1,True
,ECE 3910,3,False
,ECE 3915,3,False
,ECE 3930,3,False
,ECE 3980,3,False
,ECE 4110,3,False
ECE 3150,ECE 4120,3,False
,ECE 4132,3,False
ECE 3140,ECE 4140,3,False
ECE 4160,ECE 4141,3,False
ECE 3131;MATH 3550,ECE 4150,3,False
ECE 3150;MATH 3550,ECE 4151,3,False
ECE 3150,ECE 4153,3,False
ECE 3150;ECE 3052,ECE 4160,3,True
,ECE 4161,3,False
,ECE 4162,3,False
ECE 3110,ECE 4170,3,False
,ECE 4225,3,False
ECE 3150;MATH 3850;ECE 3052;CSCI 1060;CSCI 1300;BME 2000,ECE 4226,3,False
ECE 2205;ECE 3131,ECE 4235,3,False
CSCI 3500,ECE 4245,3,False
,ECE 4800,3,False
ECE 4800,ECE 4810,3,False
,ECE 4910,3,False
,ECE 4915,3,False
,ECE 4930,3,False
,ECE 4931,3,False
,ECE 4980,3,False
,EMGT 1500,3,False
,EMGT 1600,3,False
,EMGT 1710,3,False
EMGT 1500;EMGT 1600;EMGT 1710,EMGT 2900,3,False
EMGT 1500;EMGT 2900,EMGT 3900,3,False
EMGT 1500,EMGT 4760,3,False
EMGT 1500;EMGT 1600;EMGT 2900;EMGT 4760,EMGT 4770,3,False
,EMGT 4800,3,False
EMGT 1500,EMGT 4810,3,False
EMGT 1500,EMGT 4830,3,False
,EM 0305,4,False
,EM 0410,12,False
,EM 0411,12,False
,EM 0412,12,False
,EM 0413,12,False
,EM 0414,12,False
,EM 0416,4,False
,EM 0901,12,False
,EM 0903,12,False
,ENDR 0200,5,False
,ENGL 0900,3,False
,ENGL 1500,3,False
ENGL 1500,ENGL 1900,3,False
ENGL 1500,ENGL 1920,3,False
,ENGL 1930,3,False
ENGL 1500,ENGL 1940,3,False
,ENGL 1980,3,False
ENGL 1900,ENGL 2020,3,False
,ENGL 2250,3,False
,ENGL 2350,3,False
,ENGL 2400,3,False
,ENGL 2450,3,False
,ENGL 2550,3,False
ENGL 1900,ENGL 2600,3,False
,ENGL 2650,3,False
,ENGL 2750,3,False
,ENGL 2850,3,False
,ENGL 2930,3,False
,ENGL 2980,3,False
,ENGL 3050,3,False
,ENGL 3060,3,False
ENGL 1900,ENGL 3070,3,False
ENGL 1900,ENGL 3080,3,False
,ENGL 3090,3,False
,ENGL 3100,3,False
,ENGL 3110,3,False
,ENGL 3140,3,False
CORE 1000;CORE 1500,ENGL 3150,3,True
,ENGL 3170,3,False
,ENGL 3180,6,False
,ENGL 3190,3,False
,ENGL 3210,3,False
,ENGL 3220,6,False
,ENGL 3240,3,False
,ENGL 3241,3,False
,ENGL 3250,3,False
,ENGL 3260,3,False
,ENGL 3270,3,False
,ENGL 3280,3,False
,ENGL 3290,3,False
,ENGL 3300,3,False
,ENGL 3310,3,False
,ENGL 3330,3,False
,ENGL 3340,3,False
,ENGL 3350,3,False
,ENGL 3353,3,False
,ENGL 3380,3,False
,ENGL 3390,3,False
,ENGL 3400,3,False
,ENGL 3470,3,False
,ENGL 3490,3,False
ENGL 1900,ENGL 3500,3,False
,ENGL 3520,3,False
,ENGL 3530,3,False
,ENGL 3540,3,False
,ENGL 3550,3,False
,ENGL 3560,3,False
,ENGL 3570,3,False
,ENGL 3590,3,False
,ENGL 3591,3,False
,ENGL 3600,3,False
,ENGL 3610,3,False
,ENGL 3620,3,False
,ENGL 3625,3,False
ENGL 1900;PHIL 2050,ENGL 3630,3,False
,ENGL 3640,3,False
,ENGL 3650,3,False
,ENGL 3660,3,False
,ENGL 3700,3,False
,ENGL 3720,3,False
,ENGL 3730,3,False
,ENGL 3740,3,False
,ENGL 3750,3,False
,ENGL 3850,3,False
,ENGL 3854,3,False
,ENGL 3859,3,False
,ENGL 3860,3,False
,ENGL 3875,3,False
,ENGL 3880,3,False
,ENGL 3885,3,False
,ENGL 3910,6,False
,ENGL 3930,3,False
,ENGL 3980,3,False
,ENGL 4000,3,False
,ENGL 4005,3,False
,ENGL 4010,3,False
,ENGL 4025,3,False
,ENGL 4035,3,False
,ENGL 4050,3,False
,ENGL 4060,3,False
,ENGL 4070,3,False
,ENGL 4100,3,False
,ENGL 4110,3,False
,ENGL 4120,3,False
,ENGL 4130,3,False
,ENGL 4170,6,False
,ENGL 4176,3,False
,ENGL 4190,6,False
,ENGL 4240,3,False
,ENGL 4290,6,False
,ENGL 4300,3,False
,ENGL 4310,3,False
,ENGL 4320,6,False
,ENGL 4330,3,False
,ENGL 4350,3,False
,ENGL 4360,3,False
,ENGL 4500,3,False
,ENGL 4520,6,False
,ENGL 4530,3,False
,ENGL 4580,3,False
,ENGL 4590,6,False
,ENGL 4600,6,False
,ENGL 4605,6,False
,ENGL 4608,3,False
,ENGL 4620,3,False
,ENGL 4640,3,False
,ENGL 4650,3,False
,ENGL 4670,3,False
,ENGL 4680,3,False
,ENGL 4690,6,False
,ENGL 4715,3,False
,ENGL 4720,3,False
,ENGL 4760,3,False
,ENGL 4810,3,False
,ENGL 4830,3,False
,ENGL 4840,3,False
ENGL 1900,ENGL 4890,6,False
,ENGL 4900,6,False
,ENGL 4910,6,False
,ENGL 4930,3,False
,ENGL 4960,3,False
ENGL 3850,ENGL 4962,3,False
,ENGL 4980,3,False
,ENGL 4990,3,False
,ESL 0850,3,False
,ESL 1000,3,False
,ESL 1010,3,False
,ESL 1020,3,False
,ESL 1050,3,False
,ESL 1110,3,False
,ESL 1120,3,False
,ESL 1200,3,False
,ESL 1930,3,False
,ESL 2930,3,False
,ESL 2980,3,False
,EAP 1000,3,False
,EAP 1010,1,False
,EAP 1020,3,False
,EAP 1030,1,False
,EAP 1200,3,False
,EAP 1210,1,False
,EAP 1215,1,False
,EAP 1220,3,False
,EAP 1300,3,False
,EAP 1400,3,False
,EAP 1500,3,False
EAP 1500;ENGL 1500,EAP 1900,3,False
,EAP 1930,3,False
,EAP 2850,3,False
,EAP 2930,3,False
,EAP 2980,3,False
,EAP 3930,3,False
,EAP 3980,3,False
,EAP 4010,1,False
,EAP 4100,3,False
,EAP 4150,2,False
,EAP 4200,3,False
,EAP 4250,2,False
,EAP 4500,3,False
,EAP 4700,1,False
,EAP 4900,1,False
,EAP 4910,3,False
,EAP 4930,4,False
,EAP 4980,3,False
,EPI 0100,4,False
MATH 1400;MATH 1320,EPI 4000,3,False
,EPI 4930,3,False
,EPI 4980,3,False
,EXEC 1001,3,False
,EXEC 1030,13,False
ANAT 1000;PPY 2540,EXSC 3230,3,False
PHYS 1220,EXSC 4121,3,False
DIET 2080;DPT 3230,EXSC 4150,3,False
ANAT 1000;PPY 2540;BIOL 4460;DIET 5690,EXSC 4170,3,False
STAT 1100,EXSC 4241,2,False
,EXSC 4260,3,False
,EXSC 4910,3,False
,FCM 0135,4,False
,FCM 0136,3,False
,FCM 0301,6,False
,FCM 0302,2,False
,FCM 0304,2,False
,FCM 0410,12,False
,FCM 0411,12,False
,FCM 0413,12,False
,FCM 0414,12,False
,FCM 0416,12,False
,FCM 0417,12,False
,FCM 0419,12,False
,FCM 0421,4,False
,FCM 0426,12,False
,FCM 0427,12,False
,FCM 0428,12,False
,FCM 0430,3,False
,FCM 0434,12,False
,FCM 0436,3,False
,FCM 0437,12,False
,FCM 0438,12,False
,FCM 0439,12,False
,FCM 0440,12,False
,FCM 0441,4,False
,FCM 0442,4,False
,FCM 0499,4,False
,FCM 0501,4,False
,FCM 0502,4,False
,FCM 0503,4,False
,FCM 0901,12,False
,FCM 0903,12,False
,FMST 1450,3,False
,FMST 4910,6,False
,FMST 4960,3,False
,FMST 4980,3,False
ACCT 2200;ACCT 2220;OPM 2070;ECON 1900,FIN 3010,3,True
FIN 3330;FIN 3630,FIN 3140,3,True
FIN 3010,FIN 3330,3,False
FIN 3010,FIN 3630,3,False
,FIN 3930,3,False
,FIN 3980,3,False
FIN 3010,FIN 4130,3,False
FIN 3010,FIN 4160,3,False
FIN 4160,FIN 4170,3,False
FIN 3330;FIN 3630,FIN 4230,3,False
FIN 3330;FIN 3630,FIN 4250,3,True
FIN 3010,FIN 4330,3,False
FIN 3330;FIN 3630,FIN 4440,3,False
FIN 3330;FIN 3630,FIN 4630,3,False
FIN 3010;FIN 3330;FIN 3630,FIN 4650,3,False
FIN 3330;FIN 3630;BIZ 3000,FIN 4910,3,False
FIN 3330;FIN 3630,FIN 4911,3,False
,FIN 4930,3,False
,FIN 4980,3,False
,FPA 1000,3,False
,FPA 1100,3,False
,FPA 2000,3,False
,FPA 2930,3,False
,FPA 2980,3,False
,FPA 3910,6,False
,FPA 3930,3,False
,FPA 3980,3,False
,FSCI 1150,3,False
FSCI 1150,FSCI 1155,2,False
,FSCI 1250,3,False
FSCI 1150,FSCI 1550,3,False
FSCI 1550,FSCI 1555,2,False
,FSCI 1560,1,False
FSCI 1250,FSCI 2150,3,False
FSCI 2150,FSCI 2155,2,False
FSCI 1250,FSCI 2250,3,False
FSCI 2150,FSCI 2550,3,False
FSCI 2550,FSCI 2555,2,False
FSCI 2250;MATH 1200;MATH 1400;MATH 1320;MATH 1510,FSCI 2650,3,False
,FSCI 2930,3,False
,FSCI 2980,3,False
FSCI 2550,FSCI 3550,3,False
FSCI 3550,FSCI 3555,2,False
FSCI 3550,FSCI 3700,3,False
FSCI 3550,FSCI 3750,3,False
,FSCI 3930,3,False
,FSCI 3980,3,False
FSCI 3700;FSCI 3750,FSCI 4100,3,False
FSCI 4100,FSCI 4500,3,False
,FSCI 4930,6,False
,FSCI 4950,1,False
,FSCI 4980,3,False
,FRSC 2600,3,False
FRSC 2600,FRSC 2800,3,False
,FRSC 2930,3,False
,FRSC 2980,3,False
,FRSC 3400,3,False
,FRSC 3500,3,False
FRSC 2600,FRSC 3620,2,False
,FRSC 3621,1,False
FRSC 2600,FRSC 3630,2,False
,FRSC 3631,1,False
,FRSC 3640,3,False
,FRSC 3910,6,False
,FRSC 3930,3,False
,FRSC 3980,3,False
,FRSC 4020,3,False
,FRSC 4030,3,False
FRSC 2600,FRSC 4550,2,False
,FRSC 4551,1,False
FRSC 2600,FRSC 4610,2,False
FRSC 4610,FRSC 4615,2,False
FRSC 2600;FRSC 4550;FRSC 4551,FRSC 4650,2,False
FRSC 2600;FRSC 4550;FRSC 4551,FRSC 4651,1,False
,FRSC 4710,6,False
,FRSC 4750,1,False
,FRSC 4760,6,False
,FRSC 4910,6,False
,FRSC 4930,3,False
FRSC 2600;FRSC 3630;FRSC 3620,FRSC 4960,6,False
FRSC 2600;FRSC 3630;FRSC 3620,FRSC 4970,6,False
,FRSC 4980,3,False
,FREN 1010,3,False
FREN 1010,FREN 1020,3,False
,FREN 1930,3,False
,FREN 1980,3,False
FREN 1020,FREN 2010,3,False
,FREN 2220,3,False
,FREN 2930,3,False
,FREN 2980,3,False
FREN 2010,FREN 3010,3,False
FREN 2010,FREN 3020,3,False
FREN 2010,FREN 3030,3,False
FREN 2010,FREN 3040,3,False
,FREN 3910,6,False
FREN 2010,FREN 3930,3,False
,FREN 3980,3,False
,FREN 4110,3,False
,FREN 4120,3,False
,FREN 4160,3,False
,FREN 4170,3,False
,FREN 4180,3,False
,FREN 4200,3,False
,FREN 4210,3,False
,FREN 4220,3,False
,FREN 4230,3,False
,FREN 4240,3,False
,FREN 4250,3,False
,FREN 4290,3,False
,FREN 4300,3,False
,FREN 4315,3,False
,FREN 4320,3,False
,FREN 4340,3,False
,FREN 4350,3,False
,FREN 4360,3,False
,FREN 4370,3,False
,FREN 4380,3,False
,FREN 4390,3,False
,FREN 4410,3,False
FREN 3030;FREN 3040,FREN 4420,3,False
,FREN 4510,3,False
,FREN 4520,3,False
,FREN 4610,3,False
,FREN 4630,3,False
,FREN 4640,3,False
,FREN 4650,3,False
,FREN 4660,3,False
,FREN 4670,3,False
,FREN 4680,3,False
,FREN 4690,3,False
,FREN 4700,3,False
,FREN 4710,3,False
,FREN 4850,3,False
,FREN 4870,3,False
,FREN 4910,6,False
,FREN 4930,3,False
,FREN 4980,3,False
,GI 0200,5,False
,GIS 2010,3,False
GIS 2010,GIS 2030,3,True
GIS 2010,GIS 2050,3,False
,GIS 2930,3,False
,GIS 2980,3,False
,GIS 4010,3,False
,GIS 4020,3,False
GIS 4010,GIS 4030,3,False
,GIS 4040,3,False
GIS 4040,GIS 4050,3,False
GIS 4040,GIS 4061,3,False
,GIS 4066,3,False
,GIS 4080,3,False
,GIS 4090,3,False
,GIS 4091,3,False
MATH 1510;GIS 4040;GIS 4090,GIS 4092,3,False
,GIS 4100,3,False
,GIS 4110,3,False
GIS 4010;GIS 4040,GIS 4120,3,False
,GIS 4130,3,False
GIS 2010;GIS 2050,GIS 4140,3,False
,GIS 4930,3,False
,GIS 4960,3,False
,GIS 4980,3,False
,GR 1010,3,False
GR 1010,GR 1020,3,False
,GR 1930,3,False
,GR 1980,3,False
GR 1020,GR 2010,3,False
,GR 2930,3,False
,GR 2980,3,False
GR 2010,GR 3010,3,False
GR 2010,GR 3020,3,False
GR 2010,GR 3200,3,False
GR 2010,GR 3210,3,False
GR 2010,GR 3250,3,False
,GR 3910,6,False
,GR 3930,4,False
,GR 3980,3,False
GR 3010;GR 3020;GR 3210,GR 4010,3,False
GR 3010;GR 3020;GR 3210,GR 4150,3,False
GR 3010;GR 3020;GR 3210,GR 4200,3,False
GR 3010;GR 3020;GR 3210,GR 4250,3,False
GR 3010;GR 3020;GR 3210,GR 4350,3,False
,GR 4351,3,False
GR 3010;GR 3020;GR 3210,GR 4500,3,False
GR 3010;GR 3020;GR 3210,GR 4550,3,False
GR 3010;GR 3020;GR 3210,GR 4600,3,False
GR 3010;GR 3020;GR 3210,GR 4650,3,False
GR 3010;GR 3020;GR 3210,GR 4700,3,False
GR 3010;GR 3020;GR 3210,GR 4750,3,False
,GR 4910,6,False
,GR 4930,3,False
,GR 4960,3,False
,GR 4980,3,False
,GLOH 0106,6,False
,GLOH 0107,3,False
,GLOH 0108,6,False
,GK 1010,3,False
GK 1010,GK 1020,3,False
,GK 1200,3,False
,GK 1930,3,False
,GK 1980,3,False
GK 1020,GK 2010,3,False
,GK 2930,3,False
,GK 2980,3,False
,GK 3910,6,False
,GK 3930,4,False
,GK 3980,3,False
GK 2010,GK 4010,3,False
GK 2010,GK 4020,3,False
GK 2010,GK 4310,3,False
GK 2010,GK 4350,3,False
GK 2010,GK 4360,3,False
GK 2010,GK 4410,3,False
GK 2010,GK 4450,3,False
GK 2010,GK 4460,3,False
GK 2010,GK 4520,3,False
GK 2010,GK 4560,3,False
GK 2010,GK 4600,3,False
GK 2010,GK 4610,3,False
GK 2010,GK 4630,3,False
GK 2010,GK 4700,3,False
,GK 4910,6,False
,GK 4930,3,False
,GK 4980,3,False
CORE 1500,HCE 1600,3,True
CORE 1500,HCE 1700,3,True
,HCE 2010,3,False
,HCE 2050,3,False
HCE 2010,HCE 2070,3,True
HCE 2010,HCE 2090,3,True
,HCE 2930,3,False
,HCE 2980,3,False
,HCE 3010,3,False
,HCE 3020,3,False
,HCE 3030,3,False
,HCE 3040,3,False
HCE 2010,HCE 3050,3,False
HCE 2010,HCE 3060,3,False
,HCE 3100,3,False
,HCE 3200,3,False
HCE 2010,HCE 3220,3,False
,HCE 3230,3,False
,HCE 3240,3,False
HCE 2010,HCE 3250,3,False
,HCE 3300,3,False
,HCE 3930,3,False
,HCE 3980,3,False
HCE 2010,HCE 4200,3,True
HCE 2010,HCE 4210,3,True
HCE 2010,HCE 4220,3,True
HCE 2010,HCE 4240,3,True
HCE 2010,HCE 4250,3,True
HCE 2010,HCE 4260,3,True
HCE 2010,HCE 4270,3,True
,HCE 4280,3,False
,HCE 4290,3,False
HCE 2010,HCE 4500,3,True
HCE 2010,HCE 4520,3,False
,HCE 4930,3,False
,HCE 4960,3,False
HCE 2010,HCE 4980,3,True
,HCE 0101,10,False
,HCE 0102,3,False
,HCE 0201,10,False
,HCE 0401,12,False
,HIM 3000,3,False
,HIM 3200,3,False
HSCI 3300;HSCI 3400;ANAT 1000;PPY 2540;HIM 4750,HIM 3400,4,True
HIM 3000,HIM 3600,2,False
HIM 3200,HIM 4400,3,True
HIM 3000,HIM 4510,3,False
HIM 3000;HIM 3600,HIM 4530,3,True
ANAT 1000;PPY 2540;HSCI 3300;HSCI 3310;HSCI 3400;HSCI 3410;HSCI 2200,HIM 4750,3,True
HIM 3000;HIM 3600,HIM 4950,3,True
,HIM 4960,3,False
,HMP 1300,3,False
,HMP 1930,3,False
HMP 1300,HMP 2300,3,False
HMP 1300,HMP 2500,3,True
,HMP 2930,3,False
,HMP 2980,3,False
ECON 1900;HMP 1300,HMP 3200,3,True
HMP 1300,HMP 3400,3,True
HMP 1300,HMP 3500,3,True
,HMP 3910,6,False
,HMP 3930,3,False
,HMP 3980,3,False
ACCT 2200;HMP 3200,HMP 4200,3,True
MATH 1300;OPM 2070;STAT 1300;PSY 2050;BST 3100;HMP 1300,HMP 4500,3,False
ACCT 2200;HMP 2500;HMP 3200,HMP 4600,3,False
,HMP 4930,3,False
,HMP 4970,6,False
,HMP 4971,6,False
,HMP 4980,3,False
,HSCI 1000,1,False
,HSCI 2000,3,False
,HSCI 2100,3,False
,HSCI 2200,3,False
,HSCI 2500,3,False
HSCI 2000;IPE 2100,HSCI 3200,3,True
HSCI 2200;BIOL 1240;BIOL 1260;CHEM 1110;CHEM 1120;CHEM 1080,HSCI 3300,3,False
HSCI 2200;BIOL 1240;CHEM 1110;BIOL 1260;CHEM 1120;CHEM 1080,HSCI 3310,1,False
HSCI 2200;BIOL 1240;BIOL 1260;CHEM 1110;CHEM 1120;CHEM 1080,HSCI 3400,3,False
HSCI 2200;BIOL 1240;BIOL 1260;CHEM 1110;CHEM 1120;CHEM 1080,HSCI 3410,1,False
,HSCI 3510,3,False
MATH 1300;STAT 1300;OPM 2070;ENGL 1900;CMM 1200,HSCI 3700,3,True
,HSCI 3800,3,False
,HSCI 3910,3,False
,HSCI 3930,3,False
HSCI 3300;HSCI 3310;HSCI 3400;HSCI 3410;PPY 2540;ANAT 1000,HSCI 4000,3,False
HSCI 2000;IPE 2100,HSCI 4100,3,True
HSCI 3200,HSCI 4500,3,False
HSCI 3200,HSCI 4600,3,False
HSCI 2100;HSCI 3700;ORES 2320,HSCI 4700,3,False
,HSCI 4910,3,False
,HQI 0101,3,False
,HQI 0201,3,False
,EDH 4930,3,False
,EDH 4980,3,False
,HIST 1110,3,False
,HIST 1120,3,False
,HIST 1121,3,False
,HIST 1200,3,False
,HIST 1600,3,False
,HIST 1610,3,False
,HIST 1630,3,False
,HIST 1700,3,False
,HIST 1710,3,False
,HIST 1730,3,False
,HIST 1740,3,False
,HIST 1930,3,False
,HIST 1980,3,False
,HIST 2730,3,False
HIST 1110;HIST 1120,HIST 2800,3,False
,HIST 2930,3,False
,HIST 2980,3,False
,HIST 3000,3,False
CORE 1000;CORE 1500,HIST 3015,3,True
,HIST 3020,3,False
,HIST 3025,3,False
,HIST 3030,3,False
,HIST 3040,3,False
,HIST 3045,3,False
,HIST 3046,3,False
,HIST 3047,3,False
,HIST 3050,3,False
,HIST 3060,3,False
,HIST 3070,3,False
,HIST 3080,3,False
,HIST 3090,3,False
,HIST 3100,3,False
,HIST 3120,3,False
,HIST 3140,3,False
,HIST 3150,3,False
,HIST 3160,3,False
,HIST 3170,3,False
,HIST 3220,3,False
,HIST 3240,3,False
,HIST 3250,3,False
,HIST 3280,3,False
,HIST 3290,3,False
,HIST 3305,3,False
,HIST 3320,3,False
,HIST 3330,3,False
HIST 1110;HIST 1120,HIST 3335,3,False
,HIST 3340,3,False
,HIST 3390,3,False
,HIST 3420,3,False
,HIST 3480,3,False
,HIST 3500,3,False
,HIST 3580,3,False
,HIST 3590,3,False
,HIST 3600,3,False
,HIST 3610,3,False
,HIST 3640,3,False
,HIST 3660,3,False
,HIST 3700,3,False
,HIST 3720,3,False
,HIST 3740,3,False
,HIST 3760,3,False
,HIST 3770,3,False
,HIST 3780,3,False
,HIST 3910,6,False
,HIST 3930,3,False
,HIST 3980,3,False
,HIST 4900,3,False
,HIST 4901,6,False
,HIST 4902,3,False
,HIST 4910,6,False
,HIST 4911,3,False
,HIST 4930,4,False
,HIST 4980,3,False
,HIST 4990,3,False
,HIST 4991,3,False
,HR 1980,3,False
,HR 2800,3,False
,HR 2930,3,False
,HR 2980,3,False
,HR 3930,4,False
,HR 3980,3,False
CORE 1000;CORE 1500,HR 4000,3,True
,HR 4010,0,False
CORE 1500,HR 4810,3,True
CORE 1500,HR 4820,1,True
,HR 4840,3,False
,HR 4850,3,False
CORE 1500,HR 4860,1,False
,HR 4910,3,False
,HR 4960,3,False
,HR 4980,3,False
,HMGT 3000,3,False
,HMGT 3200,3,False
,HMGT 3400,3,False
,HMGT 3600,3,False
,HMGT 3930,3,False
,HMGT 4200,3,False
,HMGT 4930,3,False
HMGT 3000;HMGT 3200;HMGT 3400;HMGT 3600;HMGT 4200,HMGT 4960,3,False
,HMGT 4980,3,False
,HUM 1500,3,False
,HUM 1930,4,False
PST 1500,HUM 2000,3,False
,HUM 2100,3,False
,HUM 2150,3,False
,HUM 2930,4,False
,HUM 2980,3,False
,HUM 3300,3,False
,HUM 3400,3,False
,HUM 3450,3,False
,HUM 3500,3,False
CORE 1905;HUM 2100,HUM 4100,3,False
CORE 1605,HUM 4200,3,False
,HUM 4800,3,False
,HUM 4930,3,False
,HUM 4980,3,False
CORE 1500,SERV 1000,3,True
,SERV 2930,3,False
CORE 1500,SERV 3000,3,True
SERV 1000,SERV 4960,3,False
,IPT 0100,20,False
,IEP 0105,4,False
,IEP 0125,4,False
,IEP 0135,4,False
,IEP 0205,4,False
,IEP 0225,4,False
,IEP 0235,4,False
,IEP 0305,4,False
,IEP 0315,5,False
,IEP 0325,5,False
,IEP 0335,5,False
,IEP 0405,5,False
,IEP 0415,5,False
,IEP 0425,5,False
,IEP 0435,5,False
,IEP 0505,2,False
,IEP 0515,5,False
,IEP 0525,5,False
,IEP 0535,2,False
,IEP 1930,3,False
,IM 0107,3,False
,IM 0108,3,False
,IM 0115,12,False
,IM 0301,12,False
,IM 0302,2,False
,IM 0305,4,False
,IM 0307,4,False
,IM 0308,4,False
,IM 0310,4,False
,IM 0311,4,False
,IM 0401,4,False
,IM 0406,12,False
,IM 0407,12,False
,IM 0409,12,False
,IM 0410,12,False
,IM 0413,12,False
,IM 0414,12,False
,IM 0415,12,False
,IM 0417,12,False
,IM 0419,12,False
,IM 0420,12,False
,IM 0421,12,False
,IM 0425,12,False
,IM 0427,12,False
,IM 0428,12,False
,IM 0431,12,False
,IM 0433,12,False
,IM 0435,12,False
,IM 0439,12,False
,IM 0441,12,False
,IM 0442,12,False
,IM 0446,12,False
,IM 0450,12,False
,IM 0451,12,False
,IM 0452,12,False
,IM 0453,8,False
,IM 0454,4,False
,IM 0455,4,False
,IM 0456,4,False
,IM 0499,12,False
,IM 0501,4,False
,IM 0502,4,False
,IM 0504,4,False
,IM 0505,4,False
,IM 0506,4,False
,IM 0507,3,False
,IM 0508,3,False
,IM 0510,4,False
,IM 0512,4,False
,IM 0901,12,False
,IM 0903,12,False
ECON 1900,IB 2000,3,False
,IB 2930,3,False
,IB 2980,3,False
IB 2000,IB 3020,3,False
IB 2000,IB 3040,3,False
IB 2000,IB 3060,3,False
IB 2000,IB 3100,3,False
IB 2000,IB 3140,3,False
IB 2000,IB 3150,3,False
IB 2000,IB 3160,3,False
CORE 1000;CORE 1500,IB 3700,3,True
,IB 3980,3,False
IB 2000,IB 4120,3,False
IB 2000,IB 4900,3,False
IB 2000,IB 4910,3,False
,IB 4930,3,False
,IB 4980,3,False
,ISTD 1100,1,False
,ISTD 1930,4,False
,ISTD 2800,3,False
,ISTD 2900,3,False
,ISTD 2930,3,False
,ISTD 2980,3,False
,ISTD 3910,6,False
,ISTD 3930,6,False
,ISTD 3980,3,False
,ISTD 4560,3,False
,ISTD 4800,3,False
,ISTD 4910,6,False
,ISTD 4930,3,False
,ISTD 4970,3,False
,ISTD 4980,3,False
,INTN 4910,6,False
,INTN 4930,3,False
,INTN 4980,3,False
,IPE 1100,1,False
,IPE 2100,3,False
IPE 2100;IPE 1100;NURS 3100,IPE 4200,3,False
IPE 4200,IPE 4900,2,False
IPE 2100;IPE 4200,IPE 4905,2,False
IPE 4200,IPE 4970,0,False
,ITAL 1010,3,False
ITAL 1010,ITAL 1020,3,False
,ITAL 1200,3,False
,ITAL 1930,3,False
,ITAL 1980,3,False
ITAL 1020;ITAL 1200,ITAL 2010,3,False
,ITAL 2930,3,False
,ITAL 2980,3,False
ITAL 2010,ITAL 3010,3,False
ITAL 2010,ITAL 3020,3,False
,ITAL 3030,3,False
,ITAL 3200,3,False
,ITAL 3201,3,False
,ITAL 3400,3,False
,ITAL 3401,3,False
,ITAL 3450,3,False
,ITAL 3451,3,False
,ITAL 3550,3,False
,ITAL 3551,3,False
,ITAL 3600,3,False
,ITAL 3601,3,False
,ITAL 3650,3,False
,ITAL 3651,3,False
,ITAL 3700,3,False
,ITAL 3701,3,False
,ITAL 3910,6,False
,ITAL 3930,3,False
,ITAL 3980,3,False
ITAL 3010,ITAL 4010,3,False
ITAL 3020,ITAL 4020,3,False
ITAL 3010;ITAL 3020,ITAL 4300,3,False
,ITAL 4910,6,False
,ITAL 4930,3,False
,ITAL 4980,3,False
,LLC 1250,3,False
,LLC 1255,3,False
,LLC 1930,3,False
,LLC 1980,3,False
,LLC 2930,3,False
,LLC 2980,3,False
,LLC 3210,3,False
,LLC 3250,3,False
,LLC 3930,3,False
,LLC 3980,3,False
,LLC 4930,3,False
,LLC 4980,3,False
,LATN 1010,3,False
LATN 1010,LATN 1020,3,False
,LATN 1200,3,False
,LATN 1930,4,False
,LATN 1980,3,False
LATN 1020,LATN 2010,3,False
LATN 1020,LATN 2020,3,False
,LATN 2930,3,False
,LATN 2980,3,False
,LATN 3010,3,False
,LATN 3910,6,False
,LATN 3930,4,False
,LATN 3980,3,False
LATN 2010,LATN 4000,3,False
LATN 2010,LATN 4010,3,False
,LATN 4020,3,False
LATN 2010,LATN 4100,3,False
LATN 2010,LATN 4110,3,False
LATN 2010,LATN 4120,3,False
LATN 2010,LATN 4130,3,False
LATN 2010,LATN 4230,3,False
LATN 2010,LATN 4280,3,False
LATN 2010,LATN 4330,3,False
LATN 2010,LATN 4340,3,False
LATN 2010,LATN 4400,3,False
LATN 2010,LATN 4430,3,False
LATN 2010,LATN 4440,3,False
LATN 2010,LATN 4470,3,False
LATN 2010,LATN 4480,3,False
LATN 2010,LATN 4510,3,False
LATN 2010,LATN 4620,3,False
,LATN 4630,3,False
LATN 2010,LATN 4650,3,False
LATN 2010,LATN 4660,3,False
,LATN 4910,6,False
,LATN 4930,3,False
,LATN 4960,3,False
,LATN 4980,6,False
,LAS 1930,4,False
,LAS 1980,3,False
,LAS 2930,3,False
,LAS 2980,3,False
,LAS 3000,3,False
,LAS 3910,6,False
,LAS 3930,3,False
,LAS 3980,3,False
,LAS 4910,6,False
,LAS 4930,3,False
,LAS 4960,3,False
,LAS 4980,3,False
,MRI 4300,6,False
,MRI 4310,3,False
,MRI 4320,3,False
,MRI 4330,3,False
,MRI 4340,3,False
,MRI 4345,3,False
,MRI 4350,3,False
MRI 4310;MRI 4320;MRI 4330;MRI 4340;MRI 4350,MRI 4410,9,False
,MRI 4420,2,False
,MRI 4700,10,False
,MRI 4750,1,False
,MRI 4910,0,False
,MRI 4960,2,False
,MRI 4980,3,False
,MGT 2000,3,False
,MGT 2930,3,False
,MGT 2980,3,False
,MGT 3000,3,False
MGT 3000,MGT 3100,3,False
MGT 3000,MGT 3200,3,False
MGT 3000,MGT 3201,3,False
MGT 3200;MGT 3201;MGT 3000;ACCT 2200;MGT 2000,MGT 3210,3,False
MGT 3000,MGT 3300,3,False
MGT 3000,MGT 3301,3,False
MGT 3000,MGT 3400,3,False
MGT 3000,MGT 3401,3,False
BTM 2000,MGT 3800,3,False
,MGT 3930,3,False
,MGT 3980,3,False
ACCT 2200;ACCT 2220;ECON 1900;ECON 3120;ECON 3140;FIN 3010;IB 2000;MGT 2000;MGT 3000;MKT 3000;OPM 2070;OPM 3050;BIZ 3000;BTM 2000;BIZ 4000,MGT 4000,3,True
MGT 3100,MGT 4101,3,False
MGT 3100,MGT 4102,3,False
MGT 3100,MGT 4103,3,False
MGT 3200;MGT 3201;MGT 3210,MGT 4200,3,False
MGT 3300,MGT 4301,3,False
MGT 3300,MGT 4302,3,False
MGT 3400;MKT 3500;ECON 4500;MGT 3301;MGT 4401;MGT 4914;MGT 4403;MGT 3401;MGT 3800,MGT 4400,3,False
MGT 2000,MGT 4401,3,False
OPM 2070,MGT 4403,3,False
MGT 2000,MGT 4500,3,False
MGT 3000;MGT 3200;MGT 3201,MGT 4912,3,True
MGT 3000;MGT 3100;MGT 3300,MGT 4913,3,True
MGT 3000;MGT 3400,MGT 4914,3,True
,MGT 4930,3,False
,MGT 4980,3,False
,MKT 2930,3,False
,MKT 2980,3,False
,MKT 3000,3,False
MKT 3000,MKT 3300,3,False
MKT 3000,MKT 3400,3,False
MKT 3000;MGT 3400,MKT 3500,3,False
MKT 3000,MKT 3600,3,False
MKT 3000,MKT 3700,3,False
,MKT 3930,3,False
,MKT 3980,3,False
MKT 3000,MKT 4300,3,False
MKT 3000,MKT 4400,3,False
MKT 3000,MKT 4440,3,False
MKT 3000,MKT 4450,3,False
MKT 3000,MKT 4550,3,False
MKT 3000,MKT 4600,3,False
MKT 3000,MKT 4650,3,False
MKT 3000,MKT 4900,3,False
MKT 3000,MKT 4910,3,False
MKT 3000,MKT 4930,3,False
,MKT 4980,3,False
,MATH 0235,3,False
,MATH 0240,3,False
MATH 0240,MATH 0250,3,False
,MATH 0260,3,False
,MATH 0261,2,False
,MATH 0265,3,False
,MATH 0930,2,False
MATH 0250;MATH 0260,MATH 1200,3,False
MATH 0250;MATH 0260,MATH 1220,3,False
MATH 1200,MATH 1240,3,False
MATH 1200,MATH 1250,3,False
,MATH 1260,3,False
,MATH 1270,3,False
MATH 1200,MATH 1300,3,False
MATH 1200,MATH 1320,3,False
MATH 1200,MATH 1325,3,False
MATH 1200,MATH 1400,3,False
MATH 1400,MATH 1510,4,False
MATH 1510,MATH 1520,4,False
MATH 1200,MATH 1660,3,False
,MATH 1930,3,False
,MATH 1980,3,False
MATH 1520,MATH 2530,4,False
MATH 1510,MATH 2660,3,False
,MATH 2690,1,False
,MATH 2930,4,False
,MATH 2980,3,False
MATH 1520,MATH 3110,3,False
MATH 2530;MATH 2660,MATH 3120,3,False
MATH 1520,MATH 3240,3,False
MATH 3550,MATH 3270,3,True
MATH 2530,MATH 3550,3,False
MATH 1510,MATH 3600,3,False
MATH 1520,MATH 3760,3,False
MATH 2530,MATH 3800,3,False
MATH 1520,MATH 3850,3,False
,MATH 3910,6,False
,MATH 3930,3,False
,MATH 3980,3,False
MATH 1520,MATH 4050,3,False
MATH 3120,MATH 4110,3,False
MATH 4110,MATH 4120,3,False
MATH 4110,MATH 4150,3,False
MATH 2530;MATH 3120,MATH 4210,3,False
MATH 4210,MATH 4220,3,False
MATH 4210,MATH 4230,3,False
MATH 2530,MATH 4310,3,False
MATH 4310,MATH 4320,3,False
MATH 1510,MATH 4410,3,False
MATH 1510,MATH 4430,3,False
MATH 3550,MATH 4550,3,False
MATH 3550,MATH 4570,3,False
MATH 2530,MATH 4630,3,False
MATH 3850;STAT 3850;MATH 2530;MATH 1660;MATH 2660,MATH 4800,3,False
MATH 3850;STAT 3850,MATH 4840,3,False
MATH 4800;STAT 4800,MATH 4850,3,False
MATH 3850;STAT 3850;MATH 3110;MATH 3120,MATH 4870,3,False
,MATH 4910,6,False
,MATH 4930,3,False
,MATH 4980,6,False
SE 1700,MENG 1000,3,False
,MENG 1001,1,False
,MENG 1002,1,False
,MENG 1011,1,False
PHYS 1610;MENG 1000,MENG 2000,3,True
CVNG 2100;MENG 2100X;MATH 1520,MENG 2150,3,True
MATH 2530,MENG 2310,3,False
ECE 1100;ECE 1200,MENG 2400,3,False
ECE 1100;ECE 1200,MENG 2450,3,False
,MENG 2910,0,False
,MENG 2913,0,False
,MENG 2930,3,False
,MENG 2980,3,False
MENG 3110;CVNG 4070;MENG 3510,MENG 3001,1,False
MENG 3105;CVNG 3105X,MENG 3010,3,False
,MENG 3101,1,False
MENG 2100X;CVNG 2100;MATH 2530,MENG 3105,3,True
MENG 2150;MATH 3550,MENG 3110,3,True
MENG 3105;CVNG 3105X;MENG 3200,MENG 3111,1,True
MATH 2530,MENG 3200,3,True
,MENG 3201,1,False
ECE 2001;ECE 2002,MENG 3430,3,False
CHEM 1110;MENG 3105;CVNG 3105X,MENG 3510,3,False
MENG 1011;MENG 3510,MENG 3600,3,False
,MENG 3910,0,False
,MENG 3915,3,False
,MENG 3930,3,False
,MENG 3980,3,False
MENG 3010,MENG 4004,3,False
MENG 4004,MENG 4014,3,False
MENG 3010;MENG 4450,MENG 4024,4,False
,MENG 4110,3,False
,MENG 4150,3,False
,MENG 4200,3,False
,MENG 4220,3,False
,MENG 4250,3,False
CSCI 1060;CSCI 1300;MENG 2310;MENG 3200,MENG 4300,3,False
MENG 4300,MENG 4304,3,False
,MENG 4310,3,False
ECE 2001;MENG 2450;MENG 2400,MENG 4450,3,False
,MENG 4820,3,False
,MENG 4830,3,False
,MENG 4840,3,False
MENG 3910,MENG 4910,3,False
MENG 3915,MENG 4915,3,False
,MENG 4930,3,False
,MENG 4980,3,False
,MEDC 0108,6,False
,MEDC 0402,4,False
,MEDC 0411,6,False
,MEDC 0903,12,False
,MFT 4930,3,False
,MIM 0100,3,False
,MIM 0301,2,False
,MIM 0403,12,False
,MLS 3150,1,False
,MLS 3210,2,False
MATH 1300;STAT 1300,MLS 3400,1,False
,MLS 4150,2,False
,MLS 4250,1,False
,MLS 4350,1,False
,MLS 4515,1,False
BLS 4510,MLS 4520,2,False
BLS 4510,MLS 4541,3,False
BLS 4510,MLS 4550,2,False
MLS 4701;MLS 4710;MLS 4740;MLS 4750;MLS 4760;MLS 4780;MLS 4790;MLS 4800;MLS 4811;MLS 4821,MLS 4611,2,False
MLS 4701;MLS 4710;MLS 4821,MLS 4620,1,False
MLS 4740;MLS 4750;MLS 4821,MLS 4630,1,False
MLS 4800;MLS 4811,MLS 4640,1,False
BLS 4110;BLS 4120;MLS 4150,MLS 4701,3,False
BLS 4110;BLS 4120;MLS 4150,MLS 4710,1,False
BLS 4210;MLS 4250,MLS 4740,2,False
BLS 4210;MLS 4250,MLS 4750,1,False
BLS 4220,MLS 4760,1,False
,MLS 4770,1,False
BLS 4310;MLS 4350,MLS 4780,2,False
BLS 4310;MLS 4350,MLS 4790,1,False
BLS 4510;MLS 4520;MLS 4550,MLS 4800,3,False
BLS 4510;MLS 4520;MLS 4550,MLS 4811,1,False
BLS 3110;MLS 3150,MLS 4820,1,False
BLS 3110;MLS 3150,MLS 4821,1,False
,MED 0100,4,False
,MED 0101,15,False
,MED 0102,20,False
,MED 0103,12,False
,MED 0104,1,False
,MED 0105,5,False
,MED 0110,8,False
,MED 0120,6,False
,MED 0130,4,False
,MED 0140,3,False
,MED 0150,7,False
,MED 0160,6,False
,MED 0170,4,False
,MED 0200,2,False
,MED 0202,30,False
,MED 0203,12,False
,MED 0204,1,False
,MED 0205,3,False
,MED 0210,4,False
,MED 0220,4,False
,MED 0230,3,False
,MED 0240,3,False
,MED 0250,2,False
,MED 0400,2,False
,MDVL 2100,3,False
,MDVL 4910,6,False
,MDVL 4960,3,False
,MB 1580,3,False
,MB 4980,3,False
,MILS 1010,2,False
,MILS 1020,2,False
,MILS 2010,3,False
,MILS 2020,3,False
,MILS 2930,3,False
,MILS 2980,3,False
,MILS 3010,3,False
,MILS 3020,3,False
,MILS 3930,3,False
,MILS 3980,3,False
,MILS 4010,3,False
,MILS 4020,3,False
,MILS 4500,3,False
,MILS 4930,3,False
,MILS 4980,3,False
,MLNG 1100,3,False
,MLNG 2930,3,False
,MLNG 3930,3,False
,MLNG 3980,3,False
,MD 0100,6,False
,MD 0200,10,False
,MD 0202,6,False
,MD 0300,10,False
,MD 0301,12,False
,MD 0303,3,False
,MD 0406,6,False
,MD 0407,6,False
,MD 0413,4,False
,MD 0414,4,False
,MD 0415,4,False
,MD 0416,4,False
,MD 0417,4,False
,MD 0418,4,False
,MD 0421,4,False
,MUSC 1000,3,False
,MUSC 1010,16,False
,MUSC 1020,16,False
,MUSC 1030,16,False
,MUSC 1040,16,False
,MUSC 1050,16,False
,MUSC 1060,16,False
,MUSC 1070,16,False
,MUSC 1100,3,False
,MUSC 1150,3,False
,MUSC 1170,3,False
,MUSC 1180,3,False
,MUSC 1190,3,False
,MUSC 1260,1,False
MUSC 1260,MUSC 1270,1,False
,MUSC 1400,4,False
,MUSC 1930,3,False
,MUSC 1980,3,False
,MUSC 2010,2,False
,MUSC 2020,2,False
,MUSC 2030,2,False
,MUSC 2040,2,False
,MUSC 2050,2,False
,MUSC 2060,2,False
,MUSC 2070,2,False
,MUSC 2090,2,False
,MUSC 2100,2,False
,MUSC 2260,3,False
,MUSC 2270,3,False
,MUSC 2271,1,False
MUSC 2270,MUSC 2280,3,False
,MUSC 2281,1,False
,MUSC 2300,3,False
,MUSC 2410,1,False
,MUSC 2430,2,False
MUSC 1270,MUSC 2500,1,False
MUSC 2500,MUSC 2510,1,False
,MUSC 2930,3,False
,MUSC 2980,3,False
,MUSC 3010,2,False
,MUSC 3020,2,False
,MUSC 3030,2,False
,MUSC 3040,2,False
,MUSC 3050,2,False
,MUSC 3060,2,False
,MUSC 3070,2,False
,MUSC 3100,2,False
MUSC 2280,MUSC 3270,3,False
,MUSC 3271,1,False
MUSC 2270,MUSC 3300,3,False
,MUSC 3310,3,False
,MUSC 3400,2,False
,MUSC 3410,1,False
,MUSC 3420,1,False
,MUSC 3440,1,False
,MUSC 3450,1,False
,MUSC 3460,1,False
,MUSC 3470,5,False
,MUSC 3480,1,False
,MUSC 3490,1,False
,MUSC 3500,1,False
,MUSC 3840,1,False
,MUSC 3850,1,False
,MUSC 3910,6,False
,MUSC 3930,3,False
,MUSC 3980,3,False
,MUSC 4410,2,False
,MUSC 4910,6,False
,MUSC 4930,4,False
,MUSC 4960,1,False
,MUSC 4961,1,False
,MUSC 4980,6,False
,N 0301,4,False
,N 0302,2,False
,N 0304,4,False
,N 0407,12,False
,N 0408,12,False
,N 0410,12,False
,N 0411,12,False
,N 0415,6,False
,N 0499,12,False
,N 0501,4,False
,N 0502,6,False
,N 0901,12,False
,N 0903,12,False
,NEUR 2980,3,False
BIOL 3040,NEUR 3400,3,True
PSY 1010;NEUR 3400,NEUR 3500,3,False
NEUR 3400;BIOL 3400X,NEUR 3550,1,False
,NEUR 4865,1,False
NEUR 3400;NEUR 3500;NEUR 3550,NEUR 4869,3,False
NEUR 3500,NEUR 4900,1,False
,NEUR 4910,6,False
,NEUR 4930,3,False
,NSCI 0100,15,False
,NS 0101,6,False
,NS 0302,2,False
,NS 0402,12,False
,NS 0501,12,False
,NS 0901,12,False
,NS 0903,12,False
,NMT 4000,3,False
,NMT 4100,3,False
,NMT 4310,2,False
,NMT 4320,3,False
,NMT 4330,3,False
,NMT 4340,3,False
,NMT 4350,3,False
,NMT 4410,7,False
,NMT 4420,3,False
,NMT 4430,3,False
,NMT 4700,4,False
,NMT 4710,1,False
,NMT 4800,2,False
,NMT 4900,12,False
,NMT 4910,2,False
,NMT 4960,1,False
,NURS 1400,1,False
PSY 1010,NURS 1430,3,True
,NURS 1500,3,False
PPY 2540;ANAT 1000,NURS 2500,3,True
ANAT 1000;NURS 1430;PPY 2540,NURS 2510,3,True
,NURS 2515,2,False
ANAT 1000;NURS 1430;NURS 2500;NURS 3200;PPY 2540;NURS 1500;BIOL 1600;BIOL 1930,NURS 2520,3,True
STAT 1100;MATH 1300;STAT 1300;PSY 2050,NURS 2700,2,False
NURS 2500;NURS 2520,NURS 2705,2,False
,NURS 2930,4,False
,NURS 2980,3,False
NURS 2500;NURS 2510;NURS 2520;NURS 3330;NURS 3360;NURS 3200,NURS 3100,2,False
,NURS 3107,3,False
NURS 1430;NURS 2500;ANAT 1000;PPY 2540,NURS 3200,3,True
,NURS 3207,3,False
NURS 2500;NURS 2520;ANAT 1000;PPY 2540,NURS 3330,3,True
ANAT 1000;NURS 1500;BIOL 1600;BIOL 1930;PPY 2540,NURS 3360,4,False
NURS 2500;NURS 2510;NURS 3360,NURS 3370,3,False
NURS 2500;NURS 2515;NURS 2520;NURS 3360,NURS 3375,2,False
NURS 2500;NURS 2510;NURS 3360,NURS 3377,3,False
NURS 2500;NURS 3200;NURS 3330;NURS 3360;NURS 2510;NURS 2520,NURS 3430,4,False
NURS 2500;NURS 2515;NURS 2520;NURS 3200;NURS 3330;NURS 3360,NURS 3435,4,False
NURS 2510;NURS 3200;NURS 3330;NURS 3360,NURS 3440,4,False
NURS 2500;NURS 2515;NURS 2520;NURS 3200;NURS 3330;NURS 3360;NURS 3565,NURS 3445,4,True
,NURS 3447,4,False
NURS 3447,NURS 3457,3,True
NURS 2500;NURS 3200;NURS 3330;NURS 3360;NURS 2510;NURS 2520,NURS 3460,4,False
NURS 3360;NURS 3330;NURS 3200;NURS 2500;NURS 2510;NURS 2520,NURS 3470,4,False
NURS 2500;NURS 3200;NURS 3330;NURS 3360;NURS 2510;NURS 2520,NURS 3480,4,False
NURS 3575,NURS 3485,3,False
NURS 2500;NURS 3200;NURS 3330;NURS 3360;NURS 2510;NURS 2520,NURS 3490,4,False
NURS 3575,NURS 3495,3,False
NURS 2500;NURS 2515;NURS 2520;NURS 3200;NURS 3330;NURS 3360,NURS 3565,4,False
NURS 3565,NURS 3575,4,True
,NURS 3807,3,False
,NURS 3930,3,False
,NURS 3980,3,False
NURS 3100,NURS 4100,2,False
NURS 3565,NURS 4105,2,True
,NURS 4107,3,False
,NURS 4147,3,False
NURS 4100,NURS 4150,2,False
NURS 3430;NURS 3440;NURS 3460;NURS 3470;NURS 3480;NURS 3490,NURS 4200,4,False
NURS 3430;NURS 3440;NURS 3460;NURS 3470;NURS 3480;NURS 3490,NURS 4300,2,False
NURS 3435;NURS 3445,NURS 4305,2,True
NURS 4300,NURS 4350,4,True
NURS 3435;NURS 3445,NURS 4355,4,True
NURS 4150,NURS 4400,1,True
NURS 4305;NURS 4355,NURS 4405,1,True
,NURS 4507,4,False
,NURS 4600,3,False
NURS 3360;NURS 5170,NURS 4801,3,False
NURS 3360;NURS 5170,NURS 4804,3,False
NURS 3360;NURS 5170,NURS 4806,3,False
NURS 3360,NURS 4808,3,False
NURS 3360,NURS 4810,3,False
,NURS 4811,3,False
NURS 3360,NURS 4813,3,False
NURS 3360,NURS 4814,3,False
,NURS 4815,3,False
NURS 3360;NURS 5170,NURS 4816,3,False
,NURS 4817,3,False
,NURS 4819,3,False
NURS 3360;NURS 5170,NURS 4820,3,False
,NURS 4823,3,False
NURS 3460,NURS 4824,3,False
,NURS 4825,3,False
,NURS 4827,3,False
NURS 4100,NURS 4828,2,True
,NURS 4930,3,False
NURS 4507,NURS 4980,15,False
,DIET 1000,2,False
,DIET 1930,3,False
,DIET 2080,3,False
DIET 2080,DIET 2100,3,False
,DIET 2510,3,False
,DIET 2511,3,False
DIET 2510,DIET 2750,3,False
,DIET 2930,3,False
,DIET 2980,3,False
,DIET 3030,3,False
DIET 2510;DIET 2750,DIET 3050,3,False
DIET 2510,DIET 3190,3,False
CHEM 1120;DIET 2510;DIET 2080,DIET 3600,4,False
DIET 2510,DIET 3700,3,False
DIET 3190,DIET 3750,3,False
DIET 2080;BIOL 1240;BIOL 1245;CHEM 1120;CHEM 1125;CHEM 2410;CHEM 3600;PPY 2540,DIET 3850,12,False
,DIET 3890,1,False
,DIET 3930,4,False
,DIET 3980,3,False
,DIET 4000,3,False
ACCT 2200,DIET 4020,3,False
,DIET 4060,3,False
DIET 2080,DIET 4070,3,False
DIET 3850,DIET 4100,3,False
DIET 3850,DIET 4110,2,False
DIET 4100,DIET 4150,3,False
DIET 4110,DIET 4160,3,False
,DIET 4250,3,False
DIET 2080,DIET 4300,3,False
DIET 3700;MGT 3000;BLS 4510;ECON 1900;ACCT 2200,DIET 4350,3,False
DIET 4350,DIET 4360,3,False
DIET 2510;DIET 4100,DIET 4400,3,False
DIET 2100,DIET 4500,3,False
,DIET 4700,3,False
,DIET 4850,3,False
DIET 3850,DIET 4870,1,False
DIET 4870,DIET 4880,1,False
,DIET 4930,4,False
DIET 3750,DIET 4950,3,False
,DIET 4980,3,False
,OB 0102,6,False
,OB 0301,8,False
,OB 0302,2,False
,OB 0304,4,False
,OB 0401,12,False
,OB 0406,12,False
,OB 0409,12,False
,OB 0410,12,False
,OB 0411,12,False
,OB 0414,12,False
,OB 0416,8,False
,OB 0417,4,False
,OB 0419,4,False
,OB 0420,2,False
,OB 0421,4,False
,OB 0499,12,False
,OB 0501,4,False
,OB 0502,4,False
,OB 0503,4,False
,OB 0901,12,False
,OB 0903,12,False
,OCS 1000,2,False
CORE 1500,OCS 1010,2,True
,OCS 3120,3,False
,OCS 3220,3,False
,OCS 3320,3,False
,OCS 3520,3,False
,OCS 3720,3,False
,OCS 3820,3,False
,OCS 4620,3,False
,OCS 4980,3,False
MATH 1200,OPM 2070,3,False
,OPM 2930,3,False
,OPM 2980,3,False
OPM 2070;MATH 1320;MATH 1510;MATH 1520;MATH 2530,OPM 3050,3,False
,OPM 3930,3,False
,OPM 3980,3,False
OPM 3050,OPM 4440,3,False
OPM 3050,OPM 4460,3,False
,OPM 4930,3,False
,OPM 4980,3,False
,OP 0302,2,False
,OP 0304,4,False
,OP 0305,4,False
,OP 0401,12,False
,OP 0405,12,False
,OP 0408,12,False
,OP 0409,4,False
,OP 0901,12,False
,OP 0903,12,False
,ORLD 1000,3,False
,ORLD 1500,3,False
,ORLD 1800,3,False
,ORLD 2000,3,False
CIS 2300,ORLD 2500,3,False
ORLD 2000,ORLD 2700,3,False
,ORLD 3000,3,False
ORLD 1800,ORLD 3300,3,False
ORLD 1000,ORLD 3800,3,False
ORLD 3800,ORLD 4000,3,False
,ORLD 4800,3,False
,OSTD 2930,3,False
,OSTD 3005,3,False
OSTD 3005,OSTD 3205,3,False
OSTD 3005,OSTD 3305,3,False
,OSTD 3930,3,False
OSTD 3005,OSTD 4105,3,False
OSTD 3205;OSTD 3305;OSTD 4105,OSTD 4805,3,False
,OSTD 4930,3,False
,OSTD 4985,12,False
,ORTS 0302,2,False
,ORTS 0304,4,False
,ORTS 0306,4,False
,ORTS 0403,12,False
,ORTS 0404,12,False
,ORTS 0405,12,False
,ORTS 0406,4,False
,ORTS 0407,4,False
,ORTS 0501,12,False
,ORTS 0901,12,False
,ORTS 0903,12,False
,OT 0302,2,False
,OT 0401,12,False
,OT 0402,8,False
,OT 0901,12,False
,OT 0903,12,False
,ORES 2300,3,False
,ORES 2310,3,False
,ORES 2320,2,False
,ORES 2930,3,False
,ORES 2980,3,False
,ORES 4310,3,False
,ORES 4930,3,False
,ORES 4980,3,False
,PA 0106,6,False
,PA 0109,6,False
,PA 0302,2,False
,PA 0401,12,False
,PA 0402,12,False
,PA 0404,12,False
,PA 0406,12,False
,PA 0408,12,False
,PA 0409,12,False
,PA 0410,4,False
,PA 0412,12,False
,PA 0901,12,False
,PA 0903,12,False
,PATH 0100,4,False
,PWY 1005,3,False
,PED 0104,6,False
,PED 0108,3,False
,PED 0111,10,False
,PED 0118,12,False
,PED 0301,8,False
,PED 0302,2,False
,PED 0310,1,False
,PED 0404,12,False
,PED 0405,12,False
,PED 0406,12,False
,PED 0407,12,False
,PED 0408,12,False
,PED 0409,12,False
,PED 0410,12,False
,PED 0411,12,False
,PED 0412,12,False
,PED 0413,12,False
,PED 0414,12,False
,PED 0415,12,False
,PED 0417,12,False
,PED 0421,4,False
,PED 0423,12,False
,PED 0424,12,False
,PED 0425,12,False
,PED 0426,4,False
,PED 0427,4,False
,PED 0428,10,False
,PED 0429,4,False
,PED 0430,4,False
,PED 0431,4,False
,PED 0432,4,False
,PED 0433,4,False
,PED 0434,4,False
,PED 0435,4,False
,PED 0436,4,False
,PED 0437,4,False
,PED 0438,4,False
,PED 0439,2,False
,PED 0440,2,False
,PED 0499,12,False
,PED 0501,4,False
,PED 0502,4,False
,PED 0503,4,False
,PED 0504,4,False
,PED 0901,12,False
,PED 0903,12,False
,PH 0408,12,False
,PH 0409,12,False
,PH 0410,12,False
,PH 0903,12,False
,PPY 1450,3,False
,PPY 2540,4,False
,PPY 2930,3,False
,PPY 2980,3,False
CHEM 3600;CHEM 4610;BIOL 3020,PPY 4410,3,False
CORE 1500,PHIL 1700,3,True
CORE 1500,PHIL 1707,3,True
CORE 1500,PHIL 1753,3,True
CORE 1500,PHIL 1757,3,True
,PHIL 1930,3,False
,PHIL 1980,3,False
,PHIL 2050,3,False
CORE 1005,PHIL 2055,3,False
CORE 1700,PHIL 2150,3,False
,PHIL 2930,3,False
,PHIL 2980,3,False
PHIL 1700;PHIL 1707;PHIL 2050,PHIL 3250,3,False
PHIL 2050,PHIL 3300,3,False
PHIL 2050,PHIL 3360,3,False
PHIL 2050,PHIL 3380,3,False
,PHIL 3400,3,False
PHIL 2050,PHIL 3420,3,False
PHIL 2050,PHIL 3430,3,False
ENGL 1900;ENGL 1920;PHIL 2050,PHIL 3450,3,False
,PHIL 3480,3,False
PHIL 1700;PHIL 1707;PHIL 2050,PHIL 3490,3,False
,PHIL 3510,3,False
PHIL 1700;PHIL 1707;PHIL 2050,PHIL 3600,3,False
CORE 1000;CORE 1500,PHIL 3700,3,True
,PHIL 3910,6,False
,PHIL 3930,4,False
,PHIL 3980,3,False
PHIL 2050;MATH 1200,PHIL 4040,3,False
PHIL 4040,PHIL 4090,3,False
PHIL 1700;PHIL 1707;PHIL 2050,PHIL 4120,3,False
PHIL 1700;PHIL 1707;PHIL 2050,PHIL 4150,3,False
PHIL 1700;PHIL 1707;PHIL 2050,PHIL 4160,3,False
,PHIL 4190,3,False
PHIL 1700;PHIL 1707;PHIL 2050,PHIL 4210,3,False
PHIL 1700;PHIL 1707;PHIL 2050,PHIL 4260,3,False
,PHIL 4280,3,False
PHIL 1700;PHIL 1707;PHIL 2050,PHIL 4310,3,False
,PHIL 4315,3,False
PHIL 1700;PHIL 1707;PHIL 2050,PHIL 4320,3,False
PHIL 1700;PHIL 1707;PHIL 2050,PHIL 4350,3,False
PHIL 1700;PHIL 1707;PHIL 2050,PHIL 4360,3,False
PHIL 2050,PHIL 4400,3,False
PHIL 2050,PHIL 4500,3,False
,PHIL 4570,3,False
PHIL 1700;PHIL 1707;PHIL 2050,PHIL 4600,3,False
,PHIL 4720,3,False
PHIL 1700;PHIL 1707;PHIL 2050,PHIL 4740,3,False
PHIL 2050;PHIL 1700;PHIL 1707,PHIL 4750,3,False
PHIL 2050,PHIL 4760,3,False
PHIL 1700;PHIL 1707,PHIL 4800,3,False
PHIL 1700;PHIL 1707;PHIL 2050,PHIL 4810,3,False
PHIL 2050,PHIL 4820,3,False
PHIL 1700;PHIL 2050,PHIL 4825,3,False
,PHIL 4840,3,False
PHIL 2050,PHIL 4850,3,False
,PHIL 4880,3,False
,PHIL 4910,6,False
PHIL 1700;PHIL 1707;PHIL 2050,PHIL 4930,4,False
,PHIL 4980,4,False
,PLJ 1010,3,False
PLJ 1010,PLJ 1020,3,False
,PLJ 1050,3,False
,PLJ 2000,3,False
PLJ 1010;PLJ 1020,PLJ 2010,3,False
,PLJ 2020,3,False
PLJ 1050,PLJ 2050,3,False
,PLJ 2800,3,False
,PLJ 2930,4,False
,PLJ 2980,3,False
,PLJ 3000,3,False
PLJ 1050,PLJ 3050,3,False
PLJ 1050;PLJ 3050,PLJ 3055,3,False
,PLJ 3060,2,False
,PLJ 3100,3,False
,PLJ 3150,3,False
,PLJ 3200,3,False
,PLJ 3300,3,False
,PLJ 3550,3,False
,PLJ 3555,3,False
,PLJ 3660,2,False
,PLJ 3665,2,False
,PLJ 3930,4,False
,PLJ 3980,3,False
,PLJ 4000,3,False
PLJ 1050,PLJ 4050,3,False
,PLJ 4100,3,False
,PLJ 4250,3,False
,PLJ 4310,3,False
,PLJ 4350,3,False
,PLJ 4800,3,False
,PLJ 4900,12,False
PLJ 3000;PHIL 2050,PLJ 4930,4,False
PHIL 1700;PHIL 2050;PHIL 3250;PHIL 3300;PHIL 4500;PHIL 4600,PLJ 4960,3,True
,PLJ 4965,3,False
,PLJ 4980,3,False
,PMR 0101,4,False
,PMR 0302,2,False
,PMR 0304,4,False
,PMR 0305,4,False
,PMR 0901,12,False
,DPT 1111,1,False
,DPT 1212,2,False
CORE 1500,DPT 2213,1,True
,DPT 2930,4,False
,DPT 2980,3,False
CORE 1500,DPT 3214,1,False
,DPT 3230,3,False
,DPT 3930,3,False
,DPT 3980,3,False
,DPT 4910,6,False
,DPT 4930,3,False
,DPT 4980,3,False
,PHYS 1010,3,False
,PHYS 1050,3,False
,PHYS 1090,1,False
,PHYS 1110,1,False
MATH 1200,PHYS 1130,3,False
,PHYS 1220,3,False
,PHYS 1235,1,False
PHYS 1220,PHYS 1240,3,False
,PHYS 1255,1,False
MATH 1200;MATH 1400,PHYS 1310,3,False
,PHYS 1320,1,False
PHYS 1310,PHYS 1330,3,False
,PHYS 1340,1,False
,PHYS 1350,3,False
,PHYS 1365,1,False
MATH 1510;MATH 1400,PHYS 1610,3,True
,PHYS 1620,1,False
PHYS 1610;PHYS 1620;PHYS 1640,PHYS 1630,3,True
PHYS 1610;PHYS 1620,PHYS 1640,1,False
,PHYS 1930,3,False
,PHYS 1980,3,False
PHYS 1630,PHYS 2610,3,False
PHYS 2610;MATH 1520,PHYS 2620,1,True
,PHYS 2910,6,False
,PHYS 2930,4,False
,PHYS 2980,3,False
MATH 2530,PHYS 3110,3,False
,PHYS 3310,3,False
,PHYS 3320,1,False
MATH 3550;PHYS 1630,PHYS 3410,3,True
PHYS 3511,PHYS 3510,3,True
PHYS 3510,PHYS 3511,1,True
,PHYS 3610,3,False
,PHYS 3860,0,False
PHYS 2910,PHYS 3910,6,False
,PHYS 3915,6,False
,PHYS 3930,3,False
,PHYS 3980,3,False
CHEM 1110;MATH 2530;PHYS 1630,PHYS 4010,3,False
,PHYS 4020,3,False
PHYS 3410,PHYS 4110,3,False
MATH 3550,PHYS 4210,3,False
PHYS 2610;PHYS 3110,PHYS 4610,3,False
,PHYS 4840,0,False
,PHYS 4870,0,False
,PHYS 4880,3,False
,PHYS 4890,0,False
PHYS 3910,PHYS 4910,6,False
PHYS 3915,PHYS 4915,6,False
,PHYS 4930,3,False
,PHYS 4980,6,False
,POLS 1000,3,False
,POLS 1100,3,False
,POLS 1150,3,False
,POLS 1300,3,False
,POLS 1500,3,False
,POLS 1510,3,False
,POLS 1540,3,False
,POLS 1600,3,False
,POLS 1700,3,False
,POLS 1930,3,False
,POLS 1980,3,False
POLS 1000,POLS 2000,4,False
,POLS 2010,3,False
,POLS 2100,3,False
,POLS 2140,3,False
,POLS 2150,3,False
,POLS 2160,3,False
,POLS 2200,3,False
,POLS 2220,3,False
,POLS 2230,3,False
,POLS 2300,3,False
,POLS 2350,3,False
,POLS 2510,3,False
,POLS 2520,3,False
,POLS 2530,3,False
,POLS 2535,3,False
,POLS 2550,3,False
,POLS 2560,3,False
,POLS 2570,3,False
,POLS 2590,3,False
,POLS 2600,3,False
,POLS 2620,3,False
,POLS 2640,3,False
POLS 1000;POLS 1600,POLS 2691,3,False
CORE 1500,POLS 2700,3,True
,POLS 2710,3,False
,POLS 2720,3,False
,POLS 2820,3,False
,POLS 2930,3,False
,POLS 2931,4,False
,POLS 2980,3,False
,POLS 3100,3,False
,POLS 3110,3,False
,POLS 3130,3,False
,POLS 3140,3,False
,POLS 3150,3,False
,POLS 3250,3,False
POLS 1100;POLS 1150,POLS 3300,3,False
,POLS 3330,3,False
,POLS 3340,3,False
,POLS 3350,3,False
,POLS 3500,3,False
,POLS 3520,3,False
,POLS 3530,3,False
POLS 1000;POLS 1600,POLS 3567,3,False
,POLS 3600,3,False
,POLS 3620,3,False
POLS 1000;POLS 1600,POLS 3630,3,False
,POLS 3640,3,False
,POLS 3650,3,False
,POLS 3710,3,False
,POLS 3720,3,False
,POLS 3740,3,False
POLS 1000;POLS 1600,POLS 3750,3,False
,POLS 3760,3,False
,POLS 3770,3,False
CORE 1000;CORE 1500,POLS 3800,3,True
,POLS 3810,3,False
,POLS 3830,3,False
,POLS 3880,3,False
,POLS 3910,6,False
,POLS 3911,6,False
,POLS 3912,6,False
,POLS 3913,6,False
,POLS 3914,6,False
,POLS 3915,6,False
,POLS 3916,6,False
,POLS 3917,6,False
,POLS 3918,6,False
,POLS 3919,6,False
,POLS 3930,6,False
,POLS 3980,3,False
POLS 2000;POLS 1100;POLS 1150,POLS 4120,3,False
,POLS 4126,3,False
POLS 1100;POLS 1150,POLS 4131,3,False
POLS 2000;POLS 1100;POLS 1150,POLS 4140,3,False
POLS 2000;POLS 1100;POLS 1150,POLS 4150,3,False
POLS 2000;POLS 1150,POLS 4170,3,False
POLS 2000;POLS 1100;POLS 1150,POLS 4171,3,False
POLS 1100;POLS 1150;POLS 2100;POLS 3100,POLS 4300,3,False
POLS 2000;POLS 1100;POLS 1150,POLS 4325,3,False
,POLS 4340,3,False
POLS 2000;POLS 1150;POLS 1100,POLS 4360,3,False
POLS 2000;POLS 1500;POLS 3500;POLS 2820;POLS 3810,POLS 4500,3,False
,POLS 4510,3,False
,POLS 4520,3,False
,POLS 4530,3,False
,POLS 4590,3,False
,POLS 4610,3,False
,POLS 4630,3,False
POLS 2000;POLS 1600;POLS 2600;POLS 3600;POLS 2820;POLS 3810,POLS 4650,3,False
,POLS 4662,3,False
,POLS 4670,3,False
POLS 1600;POLS 2600;POLS 2000,POLS 4692,3,False
POLS 2000;POLS 1700;POLS 2700;POLS 3710;POLS 3720;POLS 3770,POLS 4710,3,False
POLS 2000;POLS 1700;POLS 2700;POLS 3710;POLS 3720;POLS 3770,POLS 4730,3,False
POLS 2000;POLS 1700;POLS 2700;POLS 3710;POLS 3720;POLS 3770,POLS 4740,3,False
POLS 2000;POLS 1700;POLS 2700;POLS 3710;POLS 3720;POLS 3770,POLS 4750,3,False
POLS 2000,POLS 4840,3,False
,POLS 4850,3,False
,POLS 4910,6,False
,POLS 4930,4,False
,POLS 4960,3,False
,POLS 4980,6,False
,POLS 4990,3,False
,POLS 4991,6,False
,PG 1010,3,False
PG 1010,PG 1020,3,False
,PG 1930,4,False
PG 1020,PG 2010,3,False
PG 2010,PG 2020,3,False
,PG 2930,3,False
,PG 2980,3,False
,PG 3910,6,False
,PG 3930,3,False
,PG 3980,3,False
,PG 4910,6,False
,PG 4930,4,False
,PG 4980,3,False
,PLS 1000,3,False
,PLS 1930,4,False
,PLS 2000,3,False
,PLS 2800,3,False
,PLS 3000,3,False
,PLS 3100,2,False
,PLS 3900,3,False
,PLS 3930,3,False
,PLS 3935,3,False
PLS 1000;PLS 4965;PLS 2000,PLS 4910,6,True
,PLS 4965,3,False
,PPHS 1000,1,False
,PPHS 1020,2,False
,PPHS 1050,0,False
BIOL 1240;BIOL 1245;BIOL 1260;BIOL 1265;CHEM 1120;CHEM 1125,PPHS 2000,2,False
,PPHS 2930,3,False
,PPHS 2980,3,False
,PPHS 3930,2,False
,PPHS 3980,3,False
,PPHS 4910,3,False
,PPHS 4930,3,False
,PPHS 4970,12,False
,PPHS 4980,3,False
,PST 1000,3,False
,PST 1500,3,False
,PST 1900,3,False
,PST 3200,3,False
,PST 3300,3,False
,PST 3400,3,False
CIS 2875,PST 4900,3,False
,PMGT 1010,3,False
,PMGT 1020,3,False
PMGT 1010,PMGT 1030,3,False
,PMGT 1930,3,False
ENGL 1900;PMGT 1010,PMGT 2010,3,False
CIS 2875;ENGL 1900;PMGT 1010,PMGT 2020,3,False
,PMGT 2030,3,False
,PMGT 2930,3,False
,PMGT 2980,3,False
PMGT 2020,PMGT 3010,3,False
,PMGT 3020,3,False
PMGT 1020;PMGT 2020,PMGT 3030,3,False
CORE 1605,PMGT 3040,3,False
PMGT 1030,PMGT 3050,3,False
,PMGT 3930,3,False
,PMGT 3980,3,False
PMGT 1030;PMGT 2010,PMGT 4010,3,False
PMGT 3020,PMGT 4020,3,False
PMGT 2010;PMGT 3020,PMGT 4030,3,False
PMGT 4010;PMGT 4030,PMGT 4800,3,False
,PMGT 4930,3,False
,PMGT 4980,3,False
,PS 0301,3,False
,PS 0302,2,False
,PS 0304,4,False
,PS 0407,12,False
,PS 0412,12,False
,PS 0413,4,False
,PS 0414,8,False
,PS 0499,12,False
,PS 0501,4,False
,PS 0901,12,False
,PS 0903,12,False
,PS 0904,12,False
,PSY 1010,3,False
,PSY 1930,4,False
PSY 1010,PSY 2010,3,False
PSY 1010,PSY 2050,4,False
,PSY 2930,4,False
PSY 1010,PSY 3100,3,False
PSY 1010,PSY 3120,3,False
PSY 1010,PSY 3130,3,False
PSY 1010,PSY 3160,3,False
PSY 1010,PSY 3210,3,False
PSY 1010,PSY 3230,3,False
PSY 1010,PSY 3300,3,False
PSY 1010,PSY 3310,3,False
PSY 1010,PSY 3410,3,False
PSY 1010,PSY 3440,3,False
PSY 1010,PSY 3450,3,False
PSY 1010,PSY 3460,3,False
PSY 1010,PSY 3470,3,False
PSY 1010,PSY 3930,4,False
,PSY 3980,3,False
PSY 2050,PSY 4060,4,False
PSY 1010,PSY 4140,3,False
PSY 1010,PSY 4150,3,False
PSY 1010,PSY 4210,3,False
PSY 1010,PSY 4220,3,False
PSY 3210;PSY 3230,PSY 4270,3,False
PSY 1010;PSY 3300,PSY 4320,3,False
PSY 1010,PSY 4330,3,False
PSY 1010,PSY 4340,3,False
PSY 3300,PSY 4350,3,False
PSY 1010;PSY 2050,PSY 4420,3,False
PSY 3460;PSY 1010;PSY 2050,PSY 4430,3,False
CORE 1000;CORE 1500,PSY 4445,3,True
PSY 1010,PSY 4450,3,False
PSY 1010,PSY 4460,3,False
PSY 1010,PSY 4480,3,False
PSY 1010,PSY 4490,3,False
PSY 1010,PSY 4710,3,False
PSY 1010,PSY 4720,15,False
PSY 1010,PSY 4730,3,False
PSY 1010,PSY 4800,6,False
PSY 1010,PSY 4910,6,False
PSY 1010,PSY 4930,3,False
PSY 1010;PSY 2050;PSY 4060,PSY 4960,4,False
PSY 1010;PSY 2050,PSY 4965,3,False
PSY 1010;PSY 2050,PSY 4967,3,False
PSY 1010;PSY 2050,PSY 4969,3,False
,PSY 4980,6,False
,PUBH 2100,3,False
PUBH 2100,PUBH 2300,3,False
,PUBH 2700,3,False
,PUBH 2930,3,False
,PUBH 2980,3,False
PUBH 2100,PUBH 3200,3,False
,PUBH 3500,3,False
,PUBH 3910,6,False
,PUBH 3930,3,False
,PUBH 3980,3,False
,PUBH 4000,3,False
,PUBH 4100,3,False
,PUBH 4930,3,False
HMP 1300;PUBH 2300;PUBH 3200;PUBH 4000;PUBH 4100;BST 3100;EPI 4000;HCE 3100,PUBH 4960,3,True
,PUBH 4970,6,False
,PUBH 4980,3,False
,RO 0302,2,False
,RO 0402,12,False
,RO 0901,12,False
,RO 0903,12,False
,XRT 4310,2,False
,XRT 4320,3,False
,XRT 4330,3,False
,XRT 4340,3,False
,XRT 4350,10,False
,XRT 4360,2,False
,XRT 4420,3,False
,XRT 4440,3,False
,XRT 4450,8,False
,XRT 4500,3,False
,XRT 4510,2,False
,XRT 4960,1,False
,XRT 4980,3,False
,R 0302,2,False
,R 0304,4,False
,R 0305,4,False
,R 0306,4,False
,R 0307,4,False
,R 0308,4,False
,R 0309,4,False
,R 0310,4,False
,R 0401,12,False
,R 0403,12,False
,R 0404,12,False
,R 0408,12,False
,R 0409,12,False
,R 0410,8,False
,R 0411,4,False
,R 0412,4,False
,R 0901,12,False
,R 0903,12,False
,RENL 0200,4,False
,RMED 0101,10,False
,RMED 0102,12,False
,RMED 0103,12,False
,RMED 0105,12,False
,RMED 0106,4,False
,RMED 0107,6,False
,RMED 0111,12,False
,RMED 0201,2,False
,RESP 0200,5,False
,RUSS 1010,3,False
RUSS 1010,RUSS 1020,3,False
,RUSS 1930,3,False
,RUSS 1980,3,False
RUSS 1020,RUSS 2010,3,False
RUSS 2010,RUSS 2020,3,False
,RUSS 2930,3,False
,RUSS 2980,3,False
RUSS 2020,RUSS 3010,3,False
RUSS 3010,RUSS 3020,3,False
,RUSS 3250,3,False
,RUSS 3270,3,False
,RUSS 3320,3,False
,RUSS 3340,3,False
,RUSS 3350,3,False
,RUSS 3360,3,False
,RUSS 3370,3,False
,RUSS 3390,3,False
,RUSS 3440,3,False
,RUSS 3910,6,False
,RUSS 3930,3,False
,RUSS 3980,3,False
,RUSS 4010,3,False
RUSS 3250,RUSS 4510,3,False
,RUSS 4910,6,False
,RUSS 4930,3,False
,RUSS 4980,3,False
,SE 1700,2,False
,SE 1701,1,False
,SE 1702,1,False
,SE 1709,2,False
,SE 1930,4,False
,SE 2930,4,False
,SE 3930,4,False
,SE 4930,4,False
,SE 4970,3,False
CIS 1150,SSI 1500,3,False
CIS 2875;SSI 1500,SSI 2000,3,False
,SSI 2930,3,False
,SSI 2980,3,False
SSI 3000,SSI 3000,3,False
CORE 1205;CIS 2875;SSI 1500,SSI 3010,3,False
CORE 1205;CIS 2875;SSI 1500,SSI 3020,3,False
CIS 2875;SSI 1500,SSI 3030,3,False
CIS 2875;SSI 1500,SSI 3040,3,False
CIS 3300;SSI 1500,SSI 3100,3,False
SSI 3020,SSI 3200,3,False
SSI 3010,SSI 3300,3,False
SSI 3030,SSI 3600,3,False
SSI 2000,SSI 3800,3,False
,SSI 3930,3,False
,SSI 3980,3,False
,SSI 4010,3,False
SSI 3010,SSI 4090,3,False
SSI 3040,SSI 4100,3,False
SSI 4200,SSI 4200,3,False
SSI 4500,SSI 4500,3,False
SSI 3040,SSI 4650,3,False
,SSI 4800,3,False
,SSI 4900,3,False
,SSI 4910,3,False
,SSI 4930,3,False
,SSI 4980,3,False
,SDE 0101,6,False
,SDE 0102,6,False
,SDE 0103,6,False
,SDE 0104,6,False
,SDE 0105,6,False
,SDE 0201,6,False
,SDE 0202,6,False
,SDE 0203,6,False
,SDE 0204,6,False
,SDE 0205,6,False
,SA 0133,6,False
,SA 0135,6,False
,SA 0136,6,False
,SA 0138,6,False
,SA 0140,6,False
,SA 0148,6,False
,SIM 0101,3,False
,SIM 0102,6,False
,SIM 0401,12,False
,SBJ 0200,3,False
,SWRK 1000,3,False
,SWRK 2300,3,False
,SWRK 3100,3,False
,SWRK 3200,3,False
,SWRK 3300,3,False
SWRK 3300,SWRK 3350,3,True
,SWRK 3400,3,False
,SWRK 3440,3,False
,SWRK 3500,3,False
,SWRK 3600,3,False
,SWRK 3700,3,False
SWRK 3300;SWRK 3400;SWRK 3500;SWRK 1000,SWRK 4100,5,False
,SWRK 4150,1,False
SWRK 4100;SWRK 4150,SWRK 4200,5,False
,SWRK 4250,1,False
,SOC 1100,3,False
,SOC 1110,3,False
,SOC 1120,3,False
,SOC 1180,3,False
,SOC 1190,3,False
,SOC 1480,3,False
,SOC 1500,3,False
,SOC 1550,3,False
,SOC 1930,3,False
,SOC 1980,3,False
SOC 1100;SOC 1110;SOC 1120;ANTH 1200,SOC 2000,3,False
,SOC 2110,3,False
,SOC 2360,4,False
,SOC 2480,3,False
,SOC 2490,3,False
,SOC 2630,3,False
,SOC 2930,3,False
,SOC 2980,3,False
SOC 2000,SOC 3020,3,False
,SOC 3180,3,False
,SOC 3220,3,False
,SOC 3230,3,False
,SOC 3300,3,False
,SOC 3360,3,False
,SOC 3370,3,False
,SOC 3390,3,False
,SOC 3430,3,False
,SOC 3490,3,False
CORE 1000;CORE 1500,SOC 3510,3,True
,SOC 3525,3,False
,SOC 3570,3,False
,SOC 3580,3,False
,SOC 3590,3,False
PSY 1010;SOC 1100;SOC 1110;SOC 1120,SOC 3700,3,False
,SOC 3840,3,False
,SOC 3910,6,False
,SOC 3930,3,False
,SOC 3980,3,False
SOC 2000,SOC 4015,3,False
SOC 2000,SOC 4025,3,False
,SOC 4640,3,False
,SOC 4650,3,False
SOC 4650,SOC 4660,3,False
SOC 4650,SOC 4670,3,False
,SOC 4680,3,False
SOC 4640;SOC 4650;SOC 4660,SOC 4700,3,False
SOC 2000,SOC 4800,3,False
,SOC 4840,3,False
,SOC 4910,6,False
,SOC 4930,3,False
,SOC 4980,6,False
,SOC 4990,6,False
,SPAN 1010,3,False
SPAN 1010,SPAN 1020,3,False
,SPAN 1200,4,False
,SPAN 1930,4,False
,SPAN 1980,3,False
SPAN 1020;SPAN 1200,SPAN 2010,3,False
,SPAN 2240,3,False
,SPAN 2400,4,False
,SPAN 2930,6,False
,SPAN 2980,3,False
SPAN 2010,SPAN 3010,3,False
SPAN 3010,SPAN 3020,3,False
SPAN 3010;SPAN 3020,SPAN 3030,3,False
SPAN 3010;SPAN 3020,SPAN 3040,3,False
SPAN 3010;SPAN 3020,SPAN 3100,3,False
SPAN 3010;SPAN 3020,SPAN 3150,3,False
SPAN 3010;SPAN 3020,SPAN 3360,3,False
,SPAN 3910,6,False
,SPAN 3930,3,False
,SPAN 3980,3,False
,SPAN 4000,3,False
SPAN 3010;SPAN 3020,SPAN 4020,3,False
,SPAN 4030,3,False
SPAN 4000,SPAN 4040,3,False
,SPAN 4050,3,False
,SPAN 4060,3,False
,SPAN 4070,3,False
,SPAN 4090,3,False
,SPAN 4130,3,False
,SPAN 4150,3,False
,SPAN 4160,3,False
,SPAN 4170,3,False
,SPAN 4200,3,False
,SPAN 4220,3,False
SPAN 4200,SPAN 4240,3,False
SPAN 4200,SPAN 4260,3,False
SPAN 4200,SPAN 4270,3,False
SPAN 4200,SPAN 4280,3,False
SPAN 4200,SPAN 4290,3,False
SPAN 4200,SPAN 4310,3,False
SPAN 4200,SPAN 4320,3,False
SPAN 4200,SPAN 4330,3,False
SPAN 4200,SPAN 4340,3,False
SPAN 4200,SPAN 4350,3,False
SPAN 4200,SPAN 4360,3,False
SPAN 4200,SPAN 4370,3,False
SPAN 4200,SPAN 4380,3,False
SPAN 4200,SPAN 4390,3,False
SPAN 4200,SPAN 4400,3,False
SPAN 4200,SPAN 4510,3,False
SPAN 4200,SPAN 4521,3,False
SPAN 4200,SPAN 4560,3,False
SPAN 4200,SPAN 4571,3,False
SPAN 4200,SPAN 4590,3,False
SPAN 4200,SPAN 4630,3,False
SPAN 4200,SPAN 4660,3,False
SPAN 4200,SPAN 4680,3,False
SPAN 4200,SPAN 4700,3,False
SPAN 4200,SPAN 4710,3,False
SPAN 4200,SPAN 4720,3,False
SPAN 4200,SPAN 4740,3,False
SPAN 4200,SPAN 4750,3,False
SPAN 4200,SPAN 4760,3,False
SPAN 4200,SPAN 4770,3,False
,SPAN 4790,3,False
SPAN 4200,SPAN 4820,3,False
SPAN 4200,SPAN 4830,3,False
SPAN 4200,SPAN 4840,3,False
SPAN 4200,SPAN 4850,3,False
,SPAN 4910,6,False
,SPAN 4930,3,False
,SPAN 4980,3,False
,EDSP 3560,3,False
,EDSP 3700,3,False
,EDSP 3930,3,False
,EDSP 3980,3,False
,EDSP 4240,3,False
,EDSP 4250,3,False
,EDSP 4310,3,False
EDSP 4530,EDSP 4380,10,False
,EDSP 4400,4,False
EDSP 4310,EDSP 4470,3,False
EDSP 4310,EDSP 4480,3,False
EDSP 3700;EDSP 4310,EDSP 4510,2,False
,EDSP 4530,3,False
EDI 3550,EDSP 4540,3,False
,EDSP 4600,3,False
EDSP 3700,EDSP 4610,3,False
EDSP 3700,EDSP 4620,3,False
EDSP 4530,EDSP 4640,3,False
,EDSP 4660,3,False
,EDSP 4670,3,False
,EDSP 4850,10,False
,EDSP 4980,3,False
,SLHS 1000,3,False
,SLHS 1420,3,False
,SLHS 2000,2,False
,SLHS 2200,3,False
,SLHS 2400,3,False
SLHS 2000;SLHS 2400,SLHS 3000,3,True
,SLHS 3200,3,False
SLHS 2000;SLHS 2400,SLHS 3700,3,True
,SLHS 4050,1,False
,SLHS 4060,1,False
SLHS 3700,SLHS 4150,3,False
,SLHS 4200,3,False
CORE 1500,SLHS 4300,3,False
,SLHS 4350,1,False
,SLHS 4400,3,False
,SLHS 4500,3,False
,SLHS 4600,2,False
CORE 1000;CORE 1500,SLHS 4650,2,True
SLHS 4300,SLHS 4700,1,False
,SLHS 4750,3,False
,SLHS 4800,2,False
SLHS 2000;SLHS 4300,SLHS 4900,2,False
,SPR 1500,3,False
,SPR 3610,3,False
,SPR 3930,3,False
,SPR 3980,3,False
,SPR 4810,3,False
,SPR 4930,3,False
,SPR 4980,3,False
MATH 0260;MATH 1200;MATH 1400;MATH 1320;MATH 1510;MATH 0265,STAT 1100,3,False
MATH 1200,STAT 1260,3,False
MATH 1200,STAT 1300,3,False
,STAT 1930,3,False
STAT 1300,STAT 2300,3,False
MATH 1520,STAT 3850,3,False
,STAT 3910,6,False
,STAT 3930,3,False
,STAT 3980,3,False
MATH 3850;STAT 3850;MATH 2530;MATH 1660;MATH 2660,STAT 4800,3,False
STAT 3850;MATH 3850,STAT 4840,3,False
MATH 4800;STAT 4800,STAT 4850,3,False
MATH 3850;STAT 3850;MATH 3110;MATH 3120,STAT 4870,3,False
MATH 3850,STAT 4880,3,False
,STAT 4910,6,False
,STAT 4930,3,False
,STAT 4980,3,False
,S 0111,6,False
,S 0112,6,False
,S 0119,12,False
,S 0121,3,False
,S 0301,8,False
,S 0302,2,False
,S 0304,4,False
,S 0305,4,False
,S 0306,4,False
,S 0307,4,False
,S 0308,4,False
,S 0309,4,False
,S 0310,4,False
,S 0311,4,False
,S 0312,4,False
,S 0416,12,False
,S 0417,12,False
,S 0418,12,False
,S 0420,12,False
,S 0421,12,False
,S 0422,12,False
,S 0423,12,False
,S 0424,12,False
,S 0426,12,False
,S 0427,12,False
,S 0428,12,False
,S 0430,12,False
,S 0433,12,False
,S 0434,12,False
,S 0435,12,False
,S 0436,4,False
,S 0437,4,False
,S 0438,4,False
,S 0499,12,False
,S 0501,4,False
,S 0502,4,False
,S 0503,12,False
,S 0504,12,False
,S 0505,12,False
,S 0506,12,False
,S 0507,4,False
,S 0508,4,False
,S 0509,4,False
,S 0901,12,False
,S 0903,12,False
,THR 1000,3,False
,THR 1010,3,False
,THR 1500,3,False
,THR 1930,3,False
,THR 1980,3,False
,THR 2200,3,False
,THR 2300,3,False
,THR 2500,3,False
,THR 2510,3,False
,THR 2515,3,False
,THR 2520,3,False
,THR 2530,3,False
,THR 2540,3,False
,THR 2560,3,False
,THR 2580,3,False
,THR 2610,3,False
,THR 2700,3,False
,THR 2930,3,False
,THR 2980,3,False
THR 1500,THR 3500,3,False
,THR 3510,3,False
THR 2510;THR 2530;THR 2540,THR 3520,3,False
,THR 3545,3,False
,THR 3550,0,False
,THR 3560,6,False
,THR 3600,3,False
THR 1500,THR 3610,3,False
THR 1500,THR 3620,3,False
THR 3500,THR 3700,3,True
,THR 3910,6,False
,THR 3930,3,False
,THR 3980,3,False
,THR 4505,3,False
,THR 4515,3,False
THR 2510;THR 2530,THR 4570,9,False
,THR 4590,3,False
THR 2510,THR 4620,3,False
THR 3700,THR 4700,3,False
,THR 4910,6,False
,THR 4930,4,False
,THR 4980,6,False
CORE 1500,THEO 1600,3,True
CORE 1500,THEO 1657,3,True
CORE 1500,THEO 1659,3,True
,THEO 1980,3,False
THEO 1600,THEO 2110,3,False
THEO 1600,THEO 2210,3,False
THEO 1600,THEO 2310,3,False
THEO 1600,THEO 2320,3,False
,THEO 2330,3,False
THEO 1600,THEO 2333,3,False
THEO 1600,THEO 2350,3,False
THEO 1600,THEO 2410,3,False
THEO 1600,THEO 2415,3,False
,THEO 2425,3,False
THEO 1600,THEO 2430,3,False
THEO 1600,THEO 2510,3,False
,THEO 2515,3,False
THEO 1600,THEO 2520,3,False
THEO 1600,THEO 2530,3,False
THEO 1600,THEO 2535,3,False
THEO 1600,THEO 2610,3,False
THEO 1600,THEO 2700,3,False
,THEO 2710,3,False
THEO 1600,THEO 2715,3,False
THEO 1600,THEO 2717,3,False
THEO 1600,THEO 2725,3,False
,THEO 2730,3,False
THEO 1600,THEO 2755,3,False
THEO 1600,THEO 2815,3,False
,THEO 2820,3,False
THEO 1600,THEO 2840,3,False
,THEO 2900,3,False
THEO 1600,THEO 2905,3,False
,THEO 2930,3,False
,THEO 2980,3,False
,THEO 3110,3,False
,THEO 3115,3,False
THEO 1600,THEO 3130,3,False
,THEO 3210,3,False
,THEO 3220,3,False
,THEO 3310,3,False
,THEO 3325,3,False
,THEO 3335,3,False
,THEO 3345,3,False
THEO 1600,THEO 3350,3,False
,THEO 3365,3,False
,THEO 3370,3,False
,THEO 3375,3,False
,THEO 3410,3,False
,THEO 3415,3,False
,THEO 3420,3,False
THEO 1600,THEO 3425,3,False
THEO 1600,THEO 3430,3,False
THEO 1600,THEO 3435,3,False
,THEO 3510,3,False
,THEO 3525,3,False
THEO 1600,THEO 3533,3,False
,THEO 3535,3,False
THEO 1600,THEO 3540,3,False
,THEO 3560,3,False
,THEO 3710,3,False
,THEO 3720,3,False
,THEO 3730,3,False
,THEO 3735,3,False
THEO 1600,THEO 3750,3,False
THEO 1600,THEO 3755,3,False
CORE 1000;CORE 1500,THEO 3815,3,True
THEO 1600,THEO 3850,3,False
,THEO 3900,3,False
,THEO 3905,3,False
,THEO 3910,6,False
THEO 1600,THEO 3930,3,False
,THEO 3980,3,False
THEO 1600,THEO 4210,3,False
THEO 1600,THEO 4290,3,False
THEO 1600,THEO 4490,3,False
THEO 1600,THEO 4510,3,False
THEO 1600,THEO 4525,3,False
THEO 1600,THEO 4710,3,False
THEO 1600,THEO 4790,3,False
THEO 1600,THEO 4810,3,False
,THEO 4910,6,False
,THEO 4930,3,False
THEO 3430;THEO 3435,THEO 4960,3,False
,THEO 4980,3,False
,THEO 4998,3,False
,UNIV 1020,1,False
,UNIV 2930,4,False
,UNIV 3910,1,False
,UNIV 3930,3,False
,UNIV 4970,12,False
,UPS 4960,3,False
,WH 0111,6,False
,WH 0112,6,False
,WH 0113,3,False
,WGST 1900,3,False
,WGST 1980,3,False
,WGST 2100,3,False
,WGST 2200,3,False
,WGST 2400,3,False
,WGST 2700,3,False
,WGST 2800,3,False
,WGST 2930,3,False
,WGST 2980,3,False
,WGST 3230,3,False
,WGST 3320,3,False
,WGST 3350,3,False
,WGST 3430,3,False
CORE 1000;CORE 1500,WGST 3510,3,True
,WGST 3550,3,False
,WGST 3630,3,False
,WGST 3650,3,False
,WGST 3720,3,False
,WGST 3775,3,False
,WGST 3800,3,False
,WGST 3850,3,False
,WGST 3910,6,False
,WGST 3930,3,False
,WGST 3980,3,False
,WGST 4010,3,False
WGST 2100,WGST 4100,3,False
,WGST 4200,3,False
,WGST 4330,3,False
,WGST 4400,3,False
,WGST 4490,3,False
,WGST 4500,3,False
,WGST 4580,3,False
,WGST 4750,3,False
,WGST 4770,3,False
,WGST 4800,3,False
,WGST 4860,3,False
,WGST 4919,6,False
,WGST 4930,3,False
,WGST 4960,3,False
,WGST 4980,3,False
